ID,GROUP,RACE,AGEBRACKET,EDUCATION,PARTYBEFORE,GENDER,AGE,Q1,Q2A,Q2B,Q2C,Q2D,Q2E,Q2F,Q2G,Q2H,Q2I,Q3A,Q3B,Q3C,Q3D,Q3E,Q3F,Q3G,Q3H,Q4A,Q4B,Q4C,Q4D,Q4E,Q4F,Q4G,Q4H,Q4I,Q4J,Q5A,Q5B,Q5C,Q5D,Q5E,Q5F,Q5G,Q5H,Q5I,Q5J,Q6A,Q6B,Q6C,Q6D,Q6E,Q6F,Q6G,Q6H,Q6I,Q6J
0,1,"White, non-Hispanic",18-29,Some college,Independent,Male,21,5,0,10,0,5,5,5,10,10,10,10,10,10,10,5,0,5,5,0,0,10,0,0,10,0,0,0,0,10,0,0,0,10,10,10,0,10,5,10,0,0,10,0,0,10,10,0,0
1,24,"White, non-Hispanic",30-44,BA or above,Republican,Male,34,7,10,8,0,0,0,10,0,0,10,0,0,0,0,10,10,10,0,0,0,10,0,8,10,3,0,0,0,10,10,0,0,77,5,77,0,10,10,77,10,3,77,10,0,0,5,10,7
2,9,"Black, non-Hispanic",60+,BA or above,Democrat,Female,71,7,0,10,10,6,10,8,10,10,5,10,10,10,10,0,0,0,10,3,8,5,8,10,2,10,10,6,2,0,0,7,7,10,10,7,5,10,10,10,6,10,10,8,10,7,8,6,10
3,25,"White, non-Hispanic",60+,BA or above,Democrat,Female,77,1,0,10,10,10,10,7,0,10,0,10,10,5,10,10,0,10,7,5,10,5,10,10,0,10,10,10,0,3,7,7,9,8,10,9,6,10,10,8,5,10,8,8,8,10,9,8,6
4,21,"White, non-Hispanic",45-59,Some college,Republican,Male,51,5,10,10,5,5,5,10,0,0,10,5,5,5,10,5,0,0,5,5,5,5,10,0,5,5,5,0,0,10,0,0,0,10,0,0,0,10,8,5,5,5,10,5,0,0,0,5,0
5,17,"White, non-Hispanic",60+,BA or above,Independent,Female,67,5,5,9,0,5,2,9,2,0,10,0,0,0,0,5,3,5,2,5,7,0,9,6,10,2,0,0,0,10,5,2,9,10,5,2,0,10,0,4,8,5,9,7,0,0,5,8,5
6,33,"White, non-Hispanic",60+,Some college,Independent,Male,76,7,10,6,8,7,1,10,8,2,10,0,0,0,0,8,9,6,1,3,1,4,8,4,5,0,7,0,0,9,1,6,4,9,7,3,0,8,10,2,7,6,9,3,0,0,9,9,3
7,6,"Black, non-Hispanic",45-59,Some college,Democrat,Male,52,4,2,10,10,5,5,10,5,10,5,7,5,0,5,9,5,6,77,10,10,0,10,5,0,10,5,0,0,0,0,10,10,10,5,10,5,10,10,7,0,10,10,5,10,10,10,5,10
8,28,"White, non-Hispanic",30-44,Some college,Democrat,Male,42,8,1,9,10,9,9,9,9,8,1,9,9,9,9,6,1,1,4,10,8,0,9,8,0,9,8,8,7,0,1,9,9,10,9,9,8,10,10,7,0,9,10,10,10,10,10,9,9
9,34,"White, non-Hispanic",60+,Some college,Democrat,Female,65,0,2,10,5,10,10,8,10,10,0,10,10,10,10,5,0,0,10,5,5,5,8,10,3,10,5,9,1,0,0,8,10,10,6,6,10,10,10,5,0,7,8,7,10,8,7,5,10
10,25,Hispanic,30-44,Some college,Independent,Female,42,0,5,6,3,0,6,5,5,5,4,77,77,77,6,5,0,0,5,4,3,5,5,5,2,7,77,5,77,77,77,77,5,10,5,77,77,10,77,77,77,77,77,0,77,10,5,0,77
11,37,"White, non-Hispanic",45-59,Some college,Independent,Female,57,9,10,0,0,0,0,10,0,0,10,0,0,0,0,10,10,5,0,0,77,10,0,0,10,0,0,0,0,10,0,0,0,10,0,77,0,10,77,0,10,10,5,10,0,5,10,10,2
12,37,"White, non-Hispanic",60+,HS graduate or equivalent,Independent,Female,63,5,5,7,5,8,5,77,7,8,5,7,7,7,7,4,2,0,7,8,8,2,8,5,2,8,5,5,2,3,4,5,7,8,8,5,5,3,5,77,77,8,8,5,8,8,8,4,8
13,10,"White, non-Hispanic",60+,BA or above,Independent,Male,76,4,77,7,5,2,2,10,5,5,8,1,0,2,0,10,5,4,0,3,0,10,5,5,7,0,3,5,0,10,8,77,77,8,77,5,2,77,77,3,6,5,9,6,0,5,7,5,5
14,18,"White, non-Hispanic",60+,BA or above,Democrat,Female,62,2,5,6,6,5,5,7,5,7,4,8,8,8,7,2,0,0,6,1,5,8,3,5,3,7,2,4,0,0,0,5,4,10,5,4,3,9,7,77,1,9,8,8,7,7,8,5,7
15,34,Hispanic,18-29,BA or above,Democrat,Female,24,4,5,7,7,7,7,4,8,10,0,7,5,5,6,5,0,0,6,3,7,5,6,10,6,4,10,10,6,2,5,7,6,10,10,10,8,6,8,6,3,77,5,3,77,8,5,2,6
16,6,"White, non-Hispanic",45-59,BA or above,Democrat,Female,55,5,5,7,8,7,6,7,10,9,3,10,10,10,10,2,0,2,10,10,10,0,10,10,0,10,6,6,6,0,0,6,6,10,10,8,5,10,8,8,5,10,9,8,10,8,7,5,10
17,1,"White, non-Hispanic",45-59,BA or above,Republican,Male,49,7,10,9,0,3,2,10,0,0,10,0,0,0,0,7,5,2,0,0,1,1,5,5,1,10,0,8,0,10,8,0,0,10,10,10,1,5,5,1,7,7,7,7,2,1,7,2,0
18,28,"Black, non-Hispanic",60+,Some college,Democrat,Female,71,3,7,5,5,77,77,77,5,77,9,77,77,77,5,8,0,77,5,77,77,77,9,5,77,10,5,77,0,77,77,10,77,10,77,5,77,77,4,4,6,9,6,6,77,10,77,5,10
19,35,"White, non-Hispanic",18-29,Some college,Independent,Male,23,0,0,10,8,10,10,0,77,10,0,10,10,10,10,0,0,0,10,10,10,0,10,10,0,10,10,77,2,0,0,10,10,10,10,10,10,10,10,0,77,4,0,0,10,10,2,0,9
20,13,"Black, non-Hispanic",18-29,BA or above,Independent,Male,22,7,1,10,8,10,10,4,10,10,0,10,10,10,10,6,0,10,5,1,5,0,5,10,0,10,10,10,0,0,0,10,10,10,10,10,10,10,10,8,5,9,7,2,5,7,10,5,10
21,28,"Asian, non-Hispanic",30-44,BA or above,Independent,Male,42,5,1,8,5,7,7,10,10,0,10,5,10,10,77,5,0,0,3,0,2,1,5,7,0,3,2,2,0,7,5,6,6,6,10,10,7,77,0,0,5,5,10,0,77,0,10,77,7
22,31,"White, non-Hispanic",60+,BA or above,Independent,Male,71,3,2,8,9,7,7,7,7,9,3,10,10,10,10,2,1,1,8,4,10,1,10,8,2,8,5,7,3,1,2,7,8,10,10,7,5,9,9,7,2,5,10,7,9,9,8,4,8
23,4,"White, non-Hispanic",60+,BA or above,Democrat,Male,64,0,2,10,10,10,10,10,10,10,2,10,10,8,8,5,0,2,10,10,10,2,10,10,0,10,4,5,0,0,0,10,10,10,10,5,10,10,10,10,2,10,10,10,10,10,10,10,10
24,24,"White, non-Hispanic",60+,Some college,Independent,Female,65,2,10,2,2,2,1,10,5,5,10,77,77,77,77,77,1,77,77,3,10,2,10,7,3,10,10,10,10,77,77,8,9,9,9,9,10,10,10,5,5,5,5,3,3,5,5,5,77
25,25,"Black, non-Hispanic",18-29,HS graduate or equivalent,Democrat,Female,20,4,3,8,8,8,6,77,10,10,2,10,10,7,8,3,0,0,5,77,10,0,10,8,0,5,10,10,0,0,0,10,10,10,10,10,77,10,8,77,3,7,10,77,10,10,10,2,9
26,36,"White, non-Hispanic",18-29,BA or above,Democrat,Female,22,4,0,10,10,10,10,5,5,10,0,10,10,10,10,3,0,0,7,77,77,6,10,6,0,10,6,10,77,2,2,10,7,10,10,77,5,77,10,77,77,5,5,2,77,10,10,0,10
27,2,"White, non-Hispanic",60+,BA or above,Independent,Female,66,1,8,10,5,10,2,10,8,3,10,2,0,5,0,9,8,10,3,2,0,10,5,10,7,0,7,0,0,10,10,1,0,10,0,2,0,98,8,0,7,10,5,10,0,5,10,10,2
28,33,Hispanic,18-29,Some college,Democrat,Female,23,7,5,3,10,8,5,6,10,10,0,10,10,2,10,0,0,5,10,2,10,5,10,1,0,0,10,0,5,5,4,5,8,9,4,6,3,4,4,0,6,8,77,5,0,10,3,0,7
29,5,"White, non-Hispanic",60+,Some college,Republican,Female,60,5,10,8,7,7,0,77,7,0,10,6,6,6,5,9,9,5,7,2,10,1,10,10,3,4,0,5,0,7,7,2,4,8,7,8,5,5,5,3,7,5,5,6,6,4,4,6,4
30,24,"White, non-Hispanic",60+,BA or above,Independent,Male,66,2,5,8,2,5,6,8,1,8,9,9,8,7,5,5,0,3,4,10,0,10,8,5,2,8,0,0,0,77,0,0,0,8,1,1,1,8,2,10,5,7,7,6,2,2,8,8,5
31,14,"Asian, non-Hispanic",18-29,BA or above,Independent,Male,23,6,5,5,6,3,5,5,10,7,5,10,10,10,10,3,0,2,10,5,10,5,10,6,5,6,5,3,0,5,5,5,6,10,7,10,7,7,10,5,0,5,6,5,5,10,7,5,10
32,38,"Other, non-Hispanic",45-59,BA or above,Independent,Male,59,7,0,5,0,10,10,10,9,3,10,0,0,0,0,8,7,0,0,0,0,10,0,5,10,0,0,0,0,10,0,0,0,5,2,1,1,8,3,5,5,5,5,5,5,8,5,5,3
33,36,"White, non-Hispanic",60+,Some college,Independent,Female,66,2,5,9,10,5,5,10,10,10,2,10,10,5,10,2,0,0,5,0,10,0,9,5,0,8,10,10,5,0,0,8,7,10,10,10,10,10,10,5,1,1,9,0,10,10,9,0,8
34,23,"Black, non-Hispanic",30-44,Some college,Democrat,Female,34,4,4,10,6,5,7,6,9,10,4,9,10,8,8,3,0,3,9,2,10,0,10,10,0,10,10,10,3,0,3,8,8,10,8,8,10,2,10,8,5,9,9,4,8,10,9,4,8
35,21,"White, non-Hispanic",60+,BA or above,Republican,Male,62,6,7,7,5,5,4,6,6,3,8,3,5,3,0,6,5,5,3,8,6,3,5,7,5,2,3,2,0,7,4,4,5,8,5,5,3,6,6,3,8,7,6,6,3,5,6,7,6
36,20,"White, non-Hispanic",45-59,BA or above,Independent,Female,55,3,5,5,1,1,1,5,5,5,8,10,10,8,8,0,0,0,5,1,8,5,5,10,0,10,5,0,5,5,2,5,5,10,10,10,10,5,5,5,8,8,7,5,5,10,7,3,3
37,9,"White, non-Hispanic",45-59,Some college,Independent,Male,59,9,9,1,1,10,6,8,8,0,10,0,0,0,0,10,1,1,0,0,0,10,0,1,10,0,0,0,0,10,8,3,3,8,4,3,1,7,8,1,8,9,6,5,1,2,9,3,6
38,27,"White, non-Hispanic",60+,BA or above,Democrat,Female,65,4,0,10,8,8,7,6,8,10,1,10,10,10,10,0,0,0,3,5,8,1,8,10,2,8,8,8,2,0,1,8,6,10,10,10,9,10,9,7,5,9,10,1,9,9,9,1,10
39,40,Hispanic,60+,HS graduate or equivalent,Democrat,Male,68,4,0,10,10,9,10,1,1,10,0,10,4,10,9,5,10,1,9,10,10,5,10,10,0,10,10,10,10,0,0,10,10,10,10,10,10,10,10,10,2,10,10,2,5,10,7,5,9
40,23,"White, non-Hispanic",60+,Some college,Independent,Female,61,5,4,10,6,6,4,9,8,7,77,10,8,8,10,5,0,0,6,5,77,4,8,9,5,4,7,8,0,4,3,6,6,10,8,8,5,4,7,77,5,7,5,3,10,9,8,4,5
41,20,"2+, non-Hispanic",60+,BA or above,Democrat,Female,67,1,0,10,10,5,10,7,10,10,0,10,8,6,5,2,0,0,0,7,10,0,10,6,2,7,5,4,0,0,5,7,10,10,10,10,8,10,10,7,5,8,10,4,10,10,9,5,10
42,26,"White, non-Hispanic",45-59,Some college,Republican,Male,59,2,10,0,10,0,0,5,10,0,10,10,10,5,9,5,0,0,5,0,10,5,10,10,0,5,5,5,0,2,0,5,10,10,10,10,10,10,10,5,5,5,5,5,0,10,0,0,5
43,21,Hispanic,30-44,HS graduate or equivalent,Democrat,Female,33,5,0,5,5,8,5,77,0,10,5,77,77,0,6,4,98,98,98,98,98,98,98,98,98,98,98,98,98,98,98,98,98,98,98,98,98,98,98,98,98,98,98,98,98,98,98,98,98
44,12,"White, non-Hispanic",45-59,Some college,Independent,Female,57,4,10,8,5,2,0,10,6,2,10,77,4,2,5,6,5,5,6,3,4,8,10,5,3,5,4,5,3,6,7,77,3,9,6,5,6,10,6,77,7,4,77,7,77,6,4,5,2
45,40,"White, non-Hispanic",45-59,HS graduate or equivalent,Republican,Male,57,77,5,5,5,5,5,5,5,6,5,5,5,5,5,5,5,5,5,5,6,5,5,5,5,5,5,5,5,5,5,5,5,5,5,5,5,5,5,5,5,5,5,5,98,5,5,5,5
46,22,"2+, non-Hispanic",18-29,Some college,Independent,Male,22,9,4,6,4,7,7,3,7,8,8,6,8,7,7,9,7,7,7,6,7,7,6,5,0,4,7,7,8,5,7,6,6,7,6,6,7,8,9,8,9,8,6,8,9,8,3,1,5
47,26,"White, non-Hispanic",18-29,Some college,Independent,Male,19,5,8,7,2,2,2,6,5,5,5,5,7,5,5,5,5,5,3,0,1,7,2,7,2,3,2,2,10,6,4,4,4,4,4,5,4,2,5,2,3,5,5,5,2,5,7,5,7
48,29,"Black, non-Hispanic",30-44,Some college,Democrat,Female,38,5,5,4,5,77,77,98,98,5,4,98,98,5,5,4,4,5,5,5,5,77,77,4,77,5,5,5,5,98,98,5,5,5,5,77,98,98,5,5,4,77,77,5,5,5,77,77,77
49,2,"White, non-Hispanic",45-59,BA or above,Independent,Female,52,6,0,10,9,7,8,77,10,10,0,10,7,9,7,2,0,3,4,7,7,2,3,6,3,9,6,9,7,0,0,9,7,10,8,9,4,10,6,8,0,9,10,2,9,10,8,1,10
50,22,"Asian, non-Hispanic",60+,BA or above,Independent,Male,63,98,5,2,2,5,2,1,5,5,9,10,10,5,5,8,8,5,5,5,9,5,10,7,0,5,5,5,5,2,2,9,9,10,9,8,8,8,7,8,5,9,9,3,10,10,9,5,10
51,30,"White, non-Hispanic",60+,BA or above,Independent,Male,70,9,10,8,5,3,6,10,8,10,10,5,7,7,3,4,2,0,7,0,4,3,9,6,7,5,3,2,0,8,8,4,7,10,5,7,3,10,7,5,9,10,10,7,3,0,10,8,5
52,19,"Black, non-Hispanic",60+,Some college,Democrat,Female,60,5,5,8,8,5,5,5,77,8,3,77,77,77,77,77,77,77,77,8,8,77,10,10,1,10,10,10,5,77,77,8,8,10,5,5,77,8,8,77,77,77,77,8,77,8,5,5,2
53,5,"White, non-Hispanic",60+,Some college,Independent,Male,64,2,8,10,9,5,9,10,9,10,5,10,10,10,10,5,0,2,6,10,5,10,6,7,5,6,8,10,0,5,0,0,5,8,8,8,5,10,10,10,10,10,10,10,10,10,10,8,5
54,9,"White, non-Hispanic",45-59,Some college,Republican,Female,49,5,5,6,3,6,5,8,5,6,7,3,2,5,3,9,5,3,2,6,0,5,5,5,77,0,0,0,0,10,6,3,3,5,2,2,0,5,10,77,5,5,7,5,77,5,10,5,5
55,30,Hispanic,60+,BA or above,Independent,Male,62,3,9,10,5,7,5,10,8,3,10,0,0,3,0,7,5,5,0,3,2,8,5,5,3,3,4,3,1,10,7,7,6,9,4,8,3,8,4,3,8,8,8,7,0,3,7,8,7
56,14,"Black, non-Hispanic",45-59,BA or above,Democrat,Female,49,4,3,77,7,10,10,10,10,10,77,10,0,8,10,8,0,77,10,0,10,5,10,10,0,10,10,0,0,4,5,7,7,10,10,10,0,10,0,77,77,10,10,10,10,10,77,7,8
57,37,"White, non-Hispanic",45-59,Some college,Democrat,Female,58,7,7,5,2,2,3,7,3,2,8,5,6,6,4,6,5,5,4,5,3,6,4,5,5,5,5,4,4,8,5,5,5,7,6,6,6,6,6,4,6,6,6,4,5,6,4,7,4
58,21,"White, non-Hispanic",60+,BA or above,Democrat,Female,67,2,0,10,10,10,10,10,5,10,0,10,10,8,10,0,0,0,10,10,10,0,10,10,0,10,10,10,10,0,0,10,10,10,10,10,10,10,10,10,2,10,10,2,10,10,5,0,10
59,11,Hispanic,45-59,BA or above,Republican,Female,47,0,10,10,0,10,10,10,0,10,10,0,0,5,5,10,10,10,5,0,10,10,7,10,10,0,0,0,0,10,10,0,0,10,8,10,0,10,10,0,10,10,10,10,0,0,10,10,10
60,38,"White, non-Hispanic",60+,BA or above,Independent,Male,73,2,0,10,10,6,9,7,9,10,5,10,10,10,10,5,2,3,8,3,10,0,10,7,0,8,7,8,3,0,0,8,7,10,10,10,4,10,4,10,2,4,7,7,10,10,7,3,8
61,37,"Asian, non-Hispanic",30-44,BA or above,Republican,Male,37,6,3,8,7,8,8,9,5,8,3,10,10,8,8,7,5,3,5,1,4,5,7,6,6,8,6,8,4,3,3,6,6,7,7,8,7,8,6,8,5,10,9,6,8,8,7,7,8
62,9,Hispanic,18-29,HS graduate or equivalent,Democrat,Female,27,5,5,5,5,5,6,5,5,6,3,7,77,5,77,4,4,77,77,4,3,77,3,77,77,77,5,77,77,77,77,6,6,6,7,77,7,7,77,77,77,77,77,77,77,5,77,77,77
63,7,"White, non-Hispanic",60+,Some college,Independent,Male,61,8,7,4,7,5,5,7,7,4,5,3,3,2,2,5,2,2,0,6,1,2,4,5,5,4,3,3,1,9,77,77,77,8,6,6,5,7,77,1,6,3,4,4,4,8,4,4,5
64,4,"White, non-Hispanic",60+,BA or above,Independent,Male,75,5,3,9,5,6,8,8,5,9,5,5,1,1,0,5,3,3,1,4,0,1,7,4,4,0,1,5,7,6,5,6,2,5,2,6,2,6,6,8,1,9,10,8,9,9,6,6,9
65,5,"White, non-Hispanic",60+,Some college,Republican,Male,71,4,8,9,5,8,5,9,9,9,7,9,10,8,9,5,2,3,6,8,5,9,9,9,9,5,8,6,2,5,3,6,8,5,9,5,8,10,6,3,6,9,9,9,2,2,8,9,5
66,20,"White, non-Hispanic",60+,Some college,Republican,Female,77,5,10,6,0,0,0,10,7,0,5,0,0,0,0,10,5,0,0,0,5,0,5,5,5,5,0,5,0,10,10,5,5,10,10,5,0,10,10,0,10,10,0,0,0,0,0,0,0
67,6,"White, non-Hispanic",45-59,BA or above,Independent,Male,59,4,6,6,77,6,2,6,9,7,6,8,6,9,98,8,6,4,7,7,8,2,8,8,6,7,5,5,5,8,8,3,2,9,8,6,5,5,8,4,4,4,7,7,4,3,7,8,8
68,18,"Black, non-Hispanic",45-59,BA or above,Democrat,Female,56,5,2,5,4,5,5,10,7,10,5,9,9,6,77,10,0,3,8,6,10,0,10,7,5,5,5,5,4,1,5,5,5,10,5,5,5,5,8,10,5,8,10,5,9,6,8,8,10
69,8,"White, non-Hispanic",60+,BA or above,Republican,Female,62,9,6,6,6,5,5,8,9,5,4,9,8,8,8,5,5,8,5,4,6,2,8,3,5,3,1,2,0,5,3,2,1,8,6,6,1,8,5,8,5,6,8,3,9,5,5,2,9
70,9,"Asian, non-Hispanic",30-44,Some college,Democrat,Female,36,7,2,6,6,8,7,77,7,10,4,10,10,10,10,0,0,0,8,77,8,5,8,10,0,3,10,10,0,0,5,5,6,10,5,7,7,10,10,5,3,8,10,77,10,6,9,5,10
71,23,"White, non-Hispanic",60+,BA or above,Democrat,Female,62,3,3,9,10,5,77,10,5,10,0,10,10,10,10,3,0,0,77,10,10,0,5,10,0,10,10,77,0,0,0,9,10,10,10,10,10,9,7,5,5,10,10,5,10,10,10,77,10
72,34,"White, non-Hispanic",60+,Some college,Democrat,Female,79,6,5,7,6,7,6,7,7,7,2,8,7,8,6,2,0,0,5,5,6,3,8,6,1,9,6,5,2,3,2,5,5,8,7,6,5,8,6,8,4,6,7,5,8,6,6,5,6
73,16,"Black, non-Hispanic",45-59,BA or above,Democrat,Female,50,4,5,8,5,5,5,10,5,7,4,8,7,5,5,8,7,8,5,5,5,5,9,9,5,8,5,5,5,2,3,8,7,10,3,5,5,9,7,5,5,8,5,5,5,8,9,9,6
74,28,"White, non-Hispanic",30-44,BA or above,Republican,Female,33,5,7,5,0,3,2,10,1,5,10,5,5,2,4,8,1,3,5,7,5,5,8,7,8,0,2,77,1,10,5,5,5,10,5,8,8,1,5,77,6,7,5,2,0,0,2,7,3
75,32,"White, non-Hispanic",60+,Some college,Democrat,Male,87,3,10,5,6,8,0,10,10,0,10,4,2,0,6,0,0,0,5,2,6,0,10,7,3,8,3,0,0,10,8,2,0,4,5,10,0,10,10,0,9,8,0,10,0,7,3,8,10
76,33,"White, non-Hispanic",60+,BA or above,Independent,Male,69,3,10,10,7,10,0,10,5,0,10,0,0,0,0,10,8,10,0,10,5,4,10,0,7,3,0,0,0,10,2,0,5,8,5,5,0,10,10,2,10,10,10,10,0,2,8,10,10
77,3,"White, non-Hispanic",45-59,BA or above,Republican,Male,45,2,10,5,6,3,2,5,2,5,10,1,5,2,3,2,3,7,5,5,1,8,1,8,9,0,3,3,3,10,8,1,8,10,7,5,7,6,6,5,5,1,5,2,4,8,6,2,6
78,32,"Black, non-Hispanic",30-44,BA or above,Democrat,Male,44,5,6,6,7,7,8,6,8,6,7,8,7,7,7,8,7,7,4,6,7,6,6,8,8,9,10,8,5,0,0,10,7,10,10,10,8,10,10,8,7,10,9,6,5,8,6,6,6
79,4,"White, non-Hispanic",60+,Some college,Democrat,Female,64,3,5,9,5,8,5,9,10,9,5,10,10,9,10,3,0,0,7,7,10,1,10,8,0,8,7,6,4,5,5,8,10,10,9,9,10,10,7,5,6,8,6,6,6,10,7,8,5
80,6,"White, non-Hispanic",45-59,Some college,Republican,Female,59,8,5,7,5,9,5,8,5,77,5,0,77,2,8,5,2,8,0,8,0,77,2,77,77,0,0,77,0,10,77,0,77,77,77,8,2,8,9,77,10,5,8,8,0,0,5,9,5
81,22,"White, non-Hispanic",60+,BA or above,Independent,Female,65,9,10,10,5,5,5,10,5,5,10,5,0,0,0,10,10,10,0,0,0,5,5,10,10,0,0,0,0,6,5,0,4,10,5,0,0,5,10,0,7,5,5,7,0,0,5,10,5
82,18,"Asian, non-Hispanic",18-29,BA or above,Democrat,Female,29,4,4,6,6,6,7,77,6,10,2,10,10,10,10,1,0,1,9,77,10,6,10,6,3,6,6,9,5,9,5,6,8,10,8,10,77,6,10,6,5,7,7,3,6,10,5,4,6
83,5,"White, non-Hispanic",60+,BA or above,Democrat,Male,79,7,0,10,8,5,8,8,10,10,0,10,10,10,7,2,0,0,5,5,8,2,8,5,1,10,10,5,0,0,0,7,7,10,10,7,5,10,10,8,5,8,10,5,8,8,9,4,8
84,2,"2+, non-Hispanic",18-29,No HS diploma,Independent,Male,27,6,3,7,8,8,6,8,9,6,8,3,8,7,8,6,8,9,7,6,6,9,8,7,6,9,7,8,8,2,2,8,6,8,7,8,7,98,8,7,7,7,8,7,6,8,7,7,8
85,10,"White, non-Hispanic",30-44,HS graduate or equivalent,Republican,Female,36,5,7,7,3,6,6,7,7,5,6,6,8,7,77,5,4,77,5,5,4,3,4,6,4,6,3,2,0,4,4,6,6,8,6,5,1,8,10,4,5,5,6,77,77,5,5,6,77
86,37,"White, non-Hispanic",60+,BA or above,Independent,Male,67,8,5,6,5,5,5,5,5,5,6,98,5,6,6,6,6,5,6,5,5,6,6,6,6,5,5,6,0,10,7,3,5,5,5,5,5,5,9,6,6,5,7,5,5,5,6,6,6
87,34,"White, non-Hispanic",45-59,Some college,Republican,Female,49,5,10,0,0,0,0,10,5,4,8,5,5,3,3,4,1,77,4,6,8,5,10,4,6,1,3,0,1,10,6,0,5,8,5,6,5,8,2,5,7,6,77,3,6,2,7,3,1
88,5,"White, non-Hispanic",60+,BA or above,Republican,Female,64,2,8,8,5,8,6,10,5,8,6,4,2,4,0,8,4,4,4,5,6,5,10,10,5,5,4,5,0,10,8,5,8,8,2,2,10,8,8,4,10,10,8,8,8,0,5,10,4
89,29,"White, non-Hispanic",60+,HS graduate or equivalent,Republican,Male,61,2,5,8,5,6,5,9,5,0,10,0,0,0,0,9,6,1,0,6,0,5,6,0,1,1,0,0,0,8,5,0,5,10,0,5,5,5,5,0,6,6,5,6,0,5,8,8,0
90,32,"White, non-Hispanic",45-59,BA or above,Democrat,Male,46,2,5,8,5,2,5,10,5,4,8,10,7,6,8,2,0,0,6,0,8,2,10,5,3,7,3,2,0,1,5,8,4,10,7,8,6,7,6,5,3,8,10,5,10,10,7,77,9
91,32,"White, non-Hispanic",18-29,Some college,Independent,Male,23,7,8,8,0,2,0,10,7,5,8,0,0,2,5,5,5,7,0,7,7,2,8,5,2,0,0,0,0,10,7,0,0,5,10,5,5,10,10,0,7,5,0,2,5,5,2,0,2
92,26,"Other, non-Hispanic",30-44,BA or above,Independent,Male,42,0,0,0,0,10,10,0,10,10,0,0,0,0,0,10,10,10,0,0,0,10,0,10,10,0,0,0,0,10,10,0,0,10,10,10,0,10,10,0,0,0,0,0,10,10,0,0,0
93,39,"White, non-Hispanic",18-29,Some college,Independent,Male,23,5,4,77,7,7,5,6,8,5,7,8,5,4,8,5,0,5,4,77,4,77,3,6,10,0,6,9,1,5,3,6,6,10,10,10,5,77,77,8,0,77,7,2,77,8,5,4,4
94,3,"Black, non-Hispanic",30-44,Some college,Democrat,Female,32,9,5,10,10,5,0,5,0,10,5,77,77,77,77,77,8,77,0,77,10,77,10,10,10,10,10,10,10,10,10,10,10,10,10,10,5,5,10,77,77,10,10,10,77,10,77,10,10
95,37,"White, non-Hispanic",45-59,HS graduate or equivalent,Democrat,Female,59,4,4,8,8,8,8,5,8,9,5,10,10,10,10,5,0,0,10,0,7,5,7,7,1,10,5,4,4,3,1,8,9,10,10,10,8,5,5,7,5,7,8,5,10,10,10,3,10
96,9,"White, non-Hispanic",18-29,Some college,Republican,Male,28,5,2,5,2,6,5,8,3,5,5,7,7,8,7,5,5,3,3,4,6,5,7,4,4,2,3,6,0,77,77,5,77,10,5,5,77,5,77,77,77,5,6,77,7,8,10,5,7
97,21,"Black, non-Hispanic",18-29,Some college,Democrat,Female,21,5,3,6,3,6,3,7,4,7,3,8,3,6,3,7,2,6,3,7,7,7,7,7,7,10,10,8,0,5,6,6,6,6,6,7,7,7,7,10,5,5,5,5,5,5,5,5,5
98,3,"Black, non-Hispanic",30-44,No HS diploma,Independent,Female,44,6,5,5,5,5,5,5,5,5,5,5,5,5,5,5,5,5,5,10,0,5,6,5,5,5,5,5,5,0,5,5,5,5,5,5,5,5,5,5,5,5,5,5,5,5,5,5,5
99,3,"2+, non-Hispanic",45-59,Some college,Republican,Male,56,2,9,7,6,2,2,6,6,6,8,77,6,5,6,7,6,5,4,8,8,77,8,8,2,7,8,77,2,3,5,8,8,9,8,8,7,5,5,5,8,8,7,6,6,2,8,7,7
100,27,"White, non-Hispanic",60+,Some college,Republican,Female,79,6,10,8,77,3,4,6,4,7,10,4,6,6,6,6,5,6,7,7,6,3,9,8,6,9,1,9,77,77,6,6,8,8,7,7,7,4,9,4,8,6,5,6,77,7,7,6,4
101,38,"White, non-Hispanic",45-59,BA or above,Republican,Male,54,4,10,5,0,0,0,10,5,0,10,0,0,7,0,10,10,10,0,3,0,10,0,5,10,0,0,0,0,10,10,0,0,5,0,0,0,77,5,77,3,5,5,5,0,5,7,10,5
102,40,"White, non-Hispanic",60+,BA or above,Democrat,Female,71,4,8,10,8,8,8,10,8,8,8,10,10,10,8,0,0,0,8,7,8,0,10,9,0,7,5,3,0,2,0,10,10,10,7,10,5,10,10,8,3,10,10,5,8,10,5,3,8
103,29,"White, non-Hispanic",18-29,Some college,Democrat,Female,25,2,2,9,4,9,5,10,10,10,4,10,8,8,5,5,0,0,6,7,10,1,10,10,0,10,10,10,5,0,0,10,10,10,10,10,5,10,5,77,77,10,10,3,9,10,8,0,7
104,11,"White, non-Hispanic",60+,BA or above,Democrat,Female,72,4,2,8,8,5,8,5,5,10,2,10,9,7,8,3,0,0,4,5,7,4,7,6,2,8,5,77,77,0,0,6,6,10,9,10,5,9,7,6,3,8,10,6,9,10,7,77,8
105,29,"White, non-Hispanic",60+,Some college,Independent,Male,64,2,8,5,3,4,4,10,2,7,7,10,9,8,9,7,3,5,7,10,10,6,10,10,3,7,5,4,2,3,3,5,7,8,9,7,7,7,5,9,6,10,9,6,8,10,10,10,10
106,29,Hispanic,18-29,BA or above,Independent,Female,27,6,77,7,6,7,7,77,7,8,77,77,77,5,7,4,3,77,77,77,7,10,8,8,77,9,7,7,77,3,77,4,6,10,7,8,9,77,4,6,5,7,5,6,77,8,10,7,5
107,30,"White, non-Hispanic",60+,Some college,Democrat,Female,66,6,3,7,6,6,7,77,10,10,1,10,10,10,10,1,0,0,10,0,6,77,10,5,5,5,8,5,3,1,0,5,5,10,6,8,9,9,9,7,5,7,8,77,7,6,9,5,8
108,2,"White, non-Hispanic",30-44,BA or above,Democrat,Female,32,3,5,5,5,7,5,5,77,10,5,10,98,10,5,5,5,5,5,0,5,0,7,77,5,0,5,0,0,5,5,7,10,10,10,10,5,5,10,5,0,7,7,5,5,5,8,3,7
109,7,"White, non-Hispanic",45-59,Some college,Independent,Female,46,2,1,9,5,5,7,5,9,10,1,8,8,8,5,1,0,77,5,5,5,77,8,5,3,8,5,8,77,0,2,5,5,9,5,5,4,5,7,77,77,8,9,3,77,9,9,5,3
110,15,"White, non-Hispanic",18-29,BA or above,Independent,Male,23,3,5,7,4,7,7,10,5,7,5,77,10,10,7,5,2,0,7,2,6,5,7,10,5,4,5,7,7,6,7,7,9,7,5,5,6,5,6,77,77,77,5,6,4,5,6,5,7
111,8,"White, non-Hispanic",45-59,HS graduate or equivalent,Democrat,Female,57,6,7,5,5,5,5,7,7,5,7,5,5,5,5,7,6,5,5,7,5,5,5,8,4,10,7,5,2,5,5,5,7,8,5,8,8,8,8,5,6,7,5,8,7,7,5,7,5
112,31,"Black, non-Hispanic",45-59,BA or above,Democrat,Female,52,5,3,10,10,5,5,10,8,5,7,10,10,10,10,10,5,5,7,10,10,0,10,10,0,10,7,10,10,0,0,10,10,10,10,10,10,10,10,10,5,10,10,7,5,10,10,5,10
113,10,"White, non-Hispanic",30-44,BA or above,Democrat,Female,36,5,2,10,10,10,9,5,8,10,1,8,9,9,8,4,0,0,8,4,7,1,10,8,0,7,7,8,1,1,2,7,7,9,8,8,8,8,7,8,3,9,6,98,8,9,9,7,8
114,5,Hispanic,45-59,Some college,Democrat,Female,48,6,5,10,8,10,9,10,10,10,0,10,10,10,10,3,0,5,5,7,5,0,10,10,0,10,5,8,0,0,5,10,10,10,10,10,10,10,5,10,5,10,10,10,10,10,10,10,10
115,39,Hispanic,45-59,No HS diploma,Republican,Female,56,98,0,10,0,0,10,5,10,0,10,77,10,5,5,5,5,5,10,0,10,5,10,10,10,10,10,10,5,77,5,0,5,10,5,5,5,5,5,0,10,10,10,5,10,10,5,10,0
116,16,"White, non-Hispanic",60+,BA or above,Independent,Female,76,5,10,5,1,1,1,5,10,10,5,10,10,10,1,5,0,0,5,10,10,0,10,5,5,5,0,0,0,5,5,5,5,10,5,5,5,10,10,5,5,5,7,2,5,10,5,5,5
117,18,"White, non-Hispanic",45-59,BA or above,Independent,Female,47,9,5,8,6,6,6,10,10,5,5,8,8,5,7,5,4,3,4,8,10,0,5,77,6,77,5,77,0,5,77,77,77,10,10,10,0,10,5,77,0,10,10,8,10,5,8,77,7
118,3,"Black, non-Hispanic",45-59,HS graduate or equivalent,Democrat,Female,56,7,5,8,8,8,8,8,8,8,7,9,9,9,9,7,7,8,8,5,8,5,8,10,8,10,9,9,9,5,5,10,9,10,9,9,9,7,7,5,5,8,7,8,7,9,8,5,8
119,9,"White, non-Hispanic",60+,BA or above,Independent,Female,74,3,0,10,8,8,9,5,0,10,1,9,9,10,10,2,0,1,9,5,7,0,5,9,2,9,5,8,1,0,0,9,9,10,10,10,2,10,10,8,5,10,8,5,2,9,9,7,7
120,19,"White, non-Hispanic",60+,BA or above,Independent,Female,64,4,6,8,77,7,7,7,10,6,77,6,77,5,5,3,0,0,6,0,3,5,6,7,0,10,7,7,5,7,7,5,5,10,3,3,5,6,4,77,3,77,7,5,6,7,6,5,5
121,2,"White, non-Hispanic",60+,Some college,Independent,Female,66,5,10,10,1,7,5,10,10,0,10,3,5,5,6,9,5,7,5,1,2,0,7,9,2,1,5,10,0,5,1,8,8,10,10,10,10,10,10,6,2,5,10,9,5,3,5,10,5
122,22,"White, non-Hispanic",30-44,BA or above,Republican,Male,36,8,5,3,0,10,5,10,10,2,8,4,2,5,0,8,5,5,2,10,0,0,5,9,6,0,0,0,0,8,10,5,5,8,10,10,5,6,5,77,5,7,4,4,0,2,8,7,3
123,19,"White, non-Hispanic",18-29,BA or above,Independent,Female,23,3,0,10,5,10,10,2,77,10,1,8,8,8,6,1,0,0,3,10,0,77,0,5,5,0,0,0,0,5,77,7,7,10,77,77,77,77,8,7,0,77,77,77,77,7,5,3,5
124,12,Hispanic,45-59,HS graduate or equivalent,Democrat,Male,51,0,10,10,5,1,0,10,10,10,10,5,10,6,0,10,0,5,5,5,5,10,10,10,0,5,10,5,0,5,5,10,5,10,10,10,5,5,10,5,5,7,10,10,0,10,5,10,10
125,18,"White, non-Hispanic",30-44,BA or above,Republican,Male,36,7,5,10,8,10,10,10,77,10,2,10,5,10,5,6,2,77,2,0,0,3,7,10,5,3,3,77,5,0,0,2,2,10,5,7,77,10,2,10,6,10,10,10,10,7,7,7,10
126,39,"Asian, non-Hispanic",30-44,No HS diploma,Independent,Female,31,5,77,8,5,7,8,77,77,8,77,77,77,5,8,6,2,77,8,77,77,77,5,8,77,10,8,9,10,77,77,77,7,8,8,7,8,7,8,77,77,77,77,77,77,7,77,77,77
127,1,"White, non-Hispanic",60+,BA or above,Independent,Male,62,5,8,7,5,5,5,8,6,7,7,0,0,0,0,6,5,5,0,6,0,4,5,3,6,1,0,0,0,7,3,5,4,5,1,2,0,4,5,77,5,5,7,4,3,6,6,3,5
128,19,"White, non-Hispanic",60+,BA or above,Republican,Male,69,6,10,10,6,4,2,10,10,4,7,0,0,0,0,10,10,8,0,2,0,5,4,0,10,3,5,0,0,10,5,5,5,7,0,0,0,7,6,2,8,8,10,10,0,0,10,10,7
129,9,"White, non-Hispanic",60+,Some college,Democrat,Female,68,5,5,8,7,8,8,6,4,9,4,6,6,5,6,6,5,4,5,2,4,5,6,6,4,6,5,5,5,1,5,6,8,9,10,7,9,10,9,5,4,6,6,6,6,9,9,6,6
130,8,"White, non-Hispanic",60+,BA or above,Republican,Male,73,7,4,4,5,8,6,10,10,6,7,5,5,7,0,5,3,3,2,0,8,0,3,5,4,2,2,5,0,7,8,5,5,10,10,10,2,10,5,7,6,7,8,8,2,5,5,7,5
131,37,"Black, non-Hispanic",30-44,Some college,Republican,Female,32,9,4,8,8,6,7,77,5,10,77,77,77,77,7,6,4,5,6,77,0,10,0,7,77,10,8,77,77,5,77,6,6,10,10,10,77,10,7,5,5,77,77,9,77,7,10,9,7
132,23,"Black, non-Hispanic",18-29,No HS diploma,Democrat,Male,25,10,7,10,8,3,2,5,8,5,9,6,7,5,9,8,8,8,7,5,8,2,8,2,5,8,6,7,8,8,8,5,7,5,9,3,8,3,8,7,5,8,8,9,10,4,3,5,7
133,38,"2+, non-Hispanic",18-29,BA or above,Republican,Male,23,4,8,10,7,3,7,10,0,3,10,1,1,7,0,9,7,9,0,0,0,10,0,7,4,0,0,0,0,8,9,2,3,10,0,1,0,10,9,2,8,10,5,4,0,8,4,8,6
134,4,"2+, non-Hispanic",30-44,HS graduate or equivalent,Independent,Female,35,77,77,77,77,77,77,77,77,77,77,77,77,77,77,77,77,77,77,77,77,77,77,77,77,77,77,77,77,5,5,5,10,5,5,5,5,5,77,77,77,77,77,77,77,77,77,77,77
135,29,"White, non-Hispanic",60+,BA or above,Democrat,Female,76,2,1,10,5,8,9,5,5,10,3,10,10,10,98,5,0,0,9,5,7,5,5,8,98,10,8,7,2,0,5,10,10,10,10,10,10,10,10,7,1,8,8,0,10,10,9,1,6
136,14,"White, non-Hispanic",45-59,BA or above,Republican,Male,47,8,9,7,6,1,4,10,2,2,4,2,6,6,7,7,7,5,2,2,7,6,8,7,4,3,6,1,2,8,7,6,6,8,3,7,3,7,7,5,4,5,6,6,3,6,7,8,4
137,12,"Black, non-Hispanic",45-59,HS graduate or equivalent,Democrat,Female,50,5,8,5,10,5,3,77,5,0,5,77,77,0,77,5,5,77,10,77,5,77,5,10,10,10,10,10,10,5,3,10,10,10,5,5,7,5,8,5,5,77,77,5,77,5,5,5,5
138,31,"White, non-Hispanic",45-59,Some college,Republican,Female,56,7,10,10,8,7,7,8,10,10,1,5,4,6,1,9,7,4,1,9,5,5,6,5,9,4,0,0,0,10,10,5,4,10,5,4,4,10,5,4,10,9,4,4,1,1,10,10,10
139,21,"2+, non-Hispanic",18-29,BA or above,Independent,Female,25,4,5,7,7,6,5,5,7,5,77,10,10,10,8,4,0,2,8,5,10,77,10,10,4,7,7,10,7,5,5,6,7,8,6,7,9,77,10,6,6,8,9,6,6,8,8,7,8
140,19,"White, non-Hispanic",60+,BA or above,Republican,Male,72,3,5,6,1,8,6,10,7,1,9,0,5,6,1,9,7,5,1,0,0,5,7,3,9,0,0,0,0,9,3,3,1,8,1,7,1,9,8,1,4,6,8,8,0,7,3,7,2
141,16,"White, non-Hispanic",45-59,Some college,Democrat,Female,50,6,5,5,5,5,7,6,6,5,5,8,7,5,7,5,3,5,5,7,5,5,5,7,7,8,7,7,5,5,5,5,5,8,5,7,5,5,7,7,5,5,5,5,5,7,5,6,3
142,2,"White, non-Hispanic",60+,BA or above,Independent,Female,65,8,6,10,4,6,6,6,6,6,6,5,5,7,5,5,5,4,5,0,1,3,5,5,5,3,4,4,4,5,5,5,5,5,5,5,5,5,5,5,5,5,5,5,5,5,5,5,5
143,3,"White, non-Hispanic",30-44,HS graduate or equivalent,Independent,Male,32,5,10,5,10,5,5,5,2,6,2,6,6,4,6,7,6,5,4,10,10,5,5,5,6,10,6,5,5,5,6,6,3,7,5,3,6,7,6,3,7,5,6,7,5,6,4,5,6
144,23,"White, non-Hispanic",60+,BA or above,Independent,Male,68,7,5,5,6,7,5,8,7,6,6,7,7,7,3,5,1,4,3,4,6,1,7,5,3,6,5,4,3,3,2,7,7,9,7,8,7,10,9,5,5,7,8,5,6,8,6,6,6
145,23,"White, non-Hispanic",30-44,Some college,Republican,Female,33,5,8,5,4,6,4,5,6,6,7,3,5,5,5,8,5,4,4,2,1,6,3,4,5,0,0,2,2,7,4,5,5,9,6,5,4,5,5,2,6,5,3,4,4,2,5,6,3
146,5,"White, non-Hispanic",60+,BA or above,Independent,Male,64,9,10,10,5,10,3,10,10,5,10,7,7,8,5,8,5,5,0,5,2,9,9,3,5,5,0,0,0,0,0,0,7,8,0,5,0,7,10,5,6,8,8,3,9,5,4,3,5
147,14,"White, non-Hispanic",45-59,Some college,Democrat,Female,51,4,4,8,8,8,10,77,7,10,2,10,10,10,10,3,0,2,4,77,10,8,10,8,77,10,10,8,77,0,0,8,8,10,10,8,77,10,10,77,3,6,77,5,7,9,8,0,10
148,35,"White, non-Hispanic",45-59,Some college,Independent,Male,59,0,5,10,7,8,7,5,10,10,2,10,10,10,10,0,0,0,10,7,10,5,10,10,10,5,0,10,0,0,2,9,10,10,10,7,10,10,10,10,5,5,9,0,10,10,7,0,9
149,12,"Black, non-Hispanic",60+,Some college,Democrat,Female,64,0,0,10,10,10,10,5,5,10,0,10,0,5,5,5,0,0,5,5,10,5,10,10,5,10,10,10,0,0,0,10,10,10,10,10,10,10,10,10,5,10,10,5,10,10,5,5,10
150,16,"Black, non-Hispanic",18-29,HS graduate or equivalent,Independent,Female,22,5,5,77,8,5,5,8,5,5,0,77,7,77,5,5,0,77,8,8,10,77,10,0,10,10,10,10,10,10,5,10,10,10,5,8,9,5,5,8,77,5,10,8,77,5,77,0,10
151,25,"White, non-Hispanic",45-59,BA or above,Democrat,Male,54,3,0,7,10,6,7,0,10,10,1,10,10,10,10,0,0,0,8,10,10,0,10,10,0,10,10,10,7,0,0,10,10,10,10,10,7,10,10,10,0,10,10,7,10,8,10,2,10
152,19,"White, non-Hispanic",45-59,Some college,Republican,Male,51,6,8,6,4,2,2,10,0,2,9,0,0,2,0,6,4,5,1,5,0,7,2,6,6,0,0,2,0,8,8,3,4,9,2,6,3,7,6,5,5,5,6,6,0,2,5,6,4
153,32,"White, non-Hispanic",60+,Some college,Republican,Male,71,98,9,9,77,7,4,10,10,2,10,0,77,0,0,5,8,6,77,0,8,77,8,8,8,2,0,77,0,10,77,77,77,10,0,0,0,10,5,5,6,6,5,4,2,2,7,6,6
154,20,"White, non-Hispanic",30-44,Some college,Independent,Female,33,5,0,7,6,7,7,7,9,10,4,5,7,7,9,2,0,2,5,10,0,9,7,7,1,5,2,10,0,7,7,5,10,10,5,10,10,10,7,5,9,6,7,4,77,7,7,8,9
155,21,"2+, non-Hispanic",30-44,Some college,Independent,Female,37,3,5,7,98,1,1,5,6,10,6,10,10,8,10,1,0,0,7,5,10,5,10,6,0,10,10,4,10,10,10,10,7,10,10,10,10,10,10,8,10,10,10,10,77,10,98,5,3
156,14,"Black, non-Hispanic",45-59,BA or above,Democrat,Female,57,98,7,10,10,5,5,10,10,7,5,8,7,5,9,8,3,0,0,7,10,10,10,10,0,10,5,1,0,0,0,8,7,10,10,10,7,10,10,10,5,10,10,7,7,10,5,3,5
157,19,"White, non-Hispanic",60+,BA or above,Independent,Male,65,0,3,10,10,10,10,1,8,10,2,10,10,7,3,5,0,3,7,5,10,0,10,10,0,5,5,8,1,0,0,10,10,10,8,8,1,10,10,10,1,10,10,5,10,7,7,3,9
158,27,"White, non-Hispanic",45-59,Some college,Republican,Female,47,4,5,5,3,4,3,7,3,77,8,77,77,77,77,8,8,77,5,7,10,77,10,8,5,3,6,5,5,3,2,3,7,10,5,6,6,10,4,3,4,5,5,3,4,6,5,5,2
159,10,"Black, non-Hispanic",18-29,Some college,Democrat,Female,27,5,3,6,5,5,5,77,77,10,5,10,10,10,10,5,1,77,5,77,8,5,5,7,5,10,7,77,7,2,77,8,7,10,9,9,9,77,5,77,2,77,77,77,77,6,5,4,5
160,11,"2+, non-Hispanic",18-29,BA or above,Republican,Male,23,5,0,10,77,77,5,4,7,5,10,77,5,5,77,9,77,5,1,5,10,77,10,5,3,9,10,77,5,0,5,5,77,77,5,0,5,10,77,5,3,5,0,5,5,0,10,10,10
161,9,"White, non-Hispanic",45-59,BA or above,Independent,Male,55,5,0,10,10,10,10,77,10,10,0,10,5,5,10,5,0,0,0,0,0,10,0,10,10,10,10,0,0,5,77,10,5,10,10,10,10,10,10,10,0,0,0,0,0,10,0,0,10
162,12,Hispanic,45-59,BA or above,Independent,Female,53,0,10,77,0,0,0,77,0,0,10,0,10,5,8,0,0,0,10,5,10,0,10,10,0,10,10,10,10,10,10,0,10,10,10,10,10,5,5,77,10,10,0,10,0,10,10,5,5
163,36,"Black, non-Hispanic",18-29,HS graduate or equivalent,Democrat,Male,21,2,5,8,7,5,5,5,5,5,5,7,7,7,6,7,7,7,7,4,5,5,5,5,5,5,5,5,5,5,5,5,5,5,5,5,5,5,5,5,5,5,5,5,5,5,5,5,5
164,32,"White, non-Hispanic",45-59,HS graduate or equivalent,Democrat,Male,48,6,0,10,8,10,10,8,9,10,2,9,7,8,8,4,0,1,4,10,5,4,8,77,2,10,10,5,7,3,2,9,7,10,10,10,10,10,7,2,0,9,10,6,8,5,7,4,8
165,28,Hispanic,30-44,Some college,Democrat,Male,44,7,2,8,2,5,6,0,8,10,3,10,10,10,10,0,0,2,4,10,10,77,10,6,6,4,7,6,0,6,0,6,8,8,7,6,1,8,6,9,0,6,5,4,9,10,0,0,6
166,7,"Black, non-Hispanic",60+,Some college,Independent,Male,63,2,5,7,5,5,5,7,6,8,2,10,5,5,10,7,5,0,5,10,10,0,10,10,0,10,10,10,0,0,0,10,10,10,10,10,10,10,10,77,77,10,5,5,10,10,5,5,10
167,2,Hispanic,18-29,Some college,Democrat,Female,24,0,0,10,5,10,10,10,5,10,0,10,10,5,5,0,0,0,77,5,10,10,10,8,6,10,7,8,2,0,0,10,10,10,6,5,7,10,10,5,77,5,5,5,5,8,8,2,10
168,14,"White, non-Hispanic",45-59,BA or above,Independent,Female,49,3,0,10,10,7,7,77,10,10,0,10,10,10,9,0,0,0,5,77,10,77,10,10,0,10,5,77,2,0,0,7,10,10,10,10,10,10,77,77,8,10,8,8,10,10,10,3,10
169,39,"White, non-Hispanic",30-44,Some college,Republican,Male,41,7,10,10,10,10,0,77,10,5,5,0,3,0,0,5,0,5,0,0,0,10,0,5,3,0,0,77,0,8,0,5,5,10,3,4,0,7,2,77,5,6,7,7,0,3,10,10,10
170,18,"White, non-Hispanic",30-44,BA or above,Democrat,Male,40,0,0,10,10,3,5,3,10,10,0,10,10,10,10,0,0,0,10,10,10,0,10,77,0,10,10,77,10,0,0,10,10,10,10,10,10,10,10,10,0,10,10,77,10,10,10,0,5
171,40,"White, non-Hispanic",60+,BA or above,Independent,Male,71,98,5,10,3,10,5,10,10,2,10,1,0,2,1,10,10,10,0,0,1,5,2,5,7,2,5,5,0,5,2,3,3,10,2,3,2,10,10,2,8,10,10,2,0,5,2,8,2
172,7,"White, non-Hispanic",45-59,Some college,Independent,Female,45,5,3,9,5,5,3,8,5,8,8,5,6,6,8,3,0,0,5,5,5,77,7,8,0,10,6,7,5,0,0,6,5,10,5,5,5,10,10,0,4,6,8,7,6,7,7,10,5
173,1,"White, non-Hispanic",60+,BA or above,Independent,Male,71,6,2,10,10,5,5,10,6,10,5,10,10,10,7,1,0,0,5,8,10,0,10,5,0,7,6,2,1,0,0,7,8,10,5,5,5,10,10,10,0,10,10,6,10,7,7,0,10
174,40,"Black, non-Hispanic",60+,BA or above,Independent,Male,70,5,5,9,8,5,8,9,8,9,9,9,9,8,10,8,1,1,9,5,9,5,9,10,1,9,9,10,5,0,2,9,10,10,10,10,10,10,10,8,2,9,9,8,9,10,10,7,10
175,37,"Black, non-Hispanic",18-29,HS graduate or equivalent,Independent,Female,26,77,77,4,7,5,5,77,77,4,2,77,77,77,77,6,77,77,77,6,3,4,8,3,7,98,10,7,4,77,5,4,3,3,4,4,6,4,6,4,77,4,77,3,3,4,4,4,5
176,38,"White, non-Hispanic",60+,BA or above,Republican,Female,63,5,10,10,0,7,0,10,0,5,10,5,5,5,5,10,10,10,7,0,3,7,5,0,6,7,0,0,0,10,10,0,0,10,5,10,0,7,10,8,10,10,8,8,77,0,0,10,0
177,10,"White, non-Hispanic",60+,Some college,Democrat,Male,66,3,8,9,4,6,6,77,7,6,3,77,77,7,77,8,5,77,4,7,7,1,7,9,1,9,7,77,2,2,4,8,6,10,9,5,8,7,7,7,5,5,77,7,7,6,7,7,2
178,10,"Black, non-Hispanic",30-44,Some college,Democrat,Female,41,5,5,5,3,7,7,10,10,10,5,77,77,10,5,5,0,77,5,5,10,5,10,10,5,10,10,10,0,0,0,10,5,10,10,10,10,10,10,5,5,5,5,7,77,5,7,10,5
179,4,"White, non-Hispanic",45-59,BA or above,Independent,Male,59,4,4,10,8,7,10,10,10,8,5,10,8,7,0,7,1,3,6,3,4,3,5,7,0,5,3,5,0,1,0,5,3,10,5,8,4,10,4,10,4,10,10,10,8,10,8,5,8
180,19,"Asian, non-Hispanic",18-29,Some college,Independent,Male,21,6,3,8,6,10,8,77,10,9,4,10,8,8,6,4,0,2,6,4,10,0,10,8,4,6,7,7,5,3,3,4,7,10,7,6,77,10,10,3,3,4,7,2,10,7,5,2,5
181,35,"2+, non-Hispanic",18-29,BA or above,Republican,Female,23,5,2,5,6,7,5,5,4,5,8,4,6,7,5,8,0,5,4,3,4,0,6,6,5,0,6,3,0,2,2,5,6,10,10,10,1,5,2,3,7,6,5,5,5,6,5,4,3
182,36,"White, non-Hispanic",45-59,Some college,Independent,Male,58,7,5,9,5,5,5,8,5,3,8,5,6,5,6,5,5,4,5,5,5,2,5,10,5,5,7,10,5,6,7,7,6,9,8,9,9,5,8,5,5,5,5,3,5,2,7,6,5
183,39,Hispanic,18-29,Some college,Independent,Male,26,5,9,10,2,0,0,10,10,0,10,0,10,5,0,4,0,1,0,0,0,10,4,10,10,0,5,5,0,10,10,1,0,4,0,0,5,10,10,0,10,10,5,3,0,3,10,10,0
184,4,"White, non-Hispanic",45-59,BA or above,Republican,Female,57,3,2,8,2,4,3,8,8,4,7,0,0,0,0,8,9,7,0,10,0,10,0,7,7,0,0,3,0,10,2,5,1,4,0,3,3,77,7,8,9,8,5,5,0,2,9,8,8
185,6,"White, non-Hispanic",45-59,HS graduate or equivalent,Independent,Male,54,7,10,8,0,8,2,5,6,2,10,0,2,0,2,8,2,5,2,6,6,5,6,8,7,2,2,6,0,10,6,7,6,9,6,10,6,5,9,0,8,7,7,4,0,2,6,5,6
186,32,"Black, non-Hispanic",60+,BA or above,Independent,Male,62,5,5,7,1,2,4,7,6,8,2,8,8,3,8,6,4,1,5,6,5,5,5,8,2,8,5,1,0,2,0,5,7,8,9,9,0,5,0,8,0,8,8,3,5,8,8,7,4
187,3,"Black, non-Hispanic",30-44,BA or above,Independent,Male,44,8,5,5,5,5,5,5,5,5,5,8,8,8,8,8,5,5,5,5,5,5,5,5,5,10,10,10,5,5,5,5,5,5,5,5,5,5,5,8,8,8,8,8,8,8,8,5,7
188,11,"Black, non-Hispanic",18-29,BA or above,Independent,Female,28,5,77,77,77,77,77,77,77,77,77,77,77,5,77,0,0,77,5,8,10,77,10,10,77,5,10,10,0,5,77,10,5,10,77,10,10,10,6,10,0,10,5,0,77,10,5,1,5
189,1,"White, non-Hispanic",60+,Some college,Independent,Male,68,7,5,5,2,3,3,10,10,5,10,0,0,0,0,8,5,5,2,0,0,10,0,0,10,0,3,0,0,10,3,3,3,9,1,5,1,5,10,0,10,10,9,10,0,4,9,9,5
190,40,"White, non-Hispanic",30-44,Some college,Democrat,Female,30,3,1,10,7,10,8,77,5,10,2,10,10,10,10,0,0,2,5,7,10,0,10,8,1,10,8,8,6,1,2,9,9,10,8,8,10,10,10,2,1,5,8,5,6,10,8,3,9
191,20,"White, non-Hispanic",60+,BA or above,Democrat,Female,70,6,2,10,8,10,10,77,9,10,1,10,10,10,10,2,0,0,8,8,9,0,10,9,77,10,10,77,77,0,0,8,9,10,10,10,10,10,10,77,5,9,10,5,10,10,10,3,10
192,35,"White, non-Hispanic",45-59,BA or above,Democrat,Female,50,2,2,10,5,8,7,5,8,10,0,8,10,10,10,0,0,0,8,8,9,0,10,10,0,10,10,10,10,2,2,8,8,10,8,8,10,8,6,5,5,7,7,5,9,10,7,2,7
193,20,"White, non-Hispanic",60+,Some college,Republican,Male,69,9,10,5,5,6,6,77,7,7,9,10,8,9,77,7,5,1,5,10,9,77,10,9,5,7,9,8,77,10,10,7,10,10,8,10,10,7,10,9,8,8,8,8,8,8,8,9,8
194,37,Hispanic,60+,Some college,Republican,Female,70,2,10,6,3,6,5,10,5,5,10,9,8,5,9,5,0,0,8,8,5,5,7,7,2,6,9,10,2,9,8,8,7,10,8,8,9,8,10,5,7,9,8,7,0,2,7,10,4
195,29,"Black, non-Hispanic",18-29,HS graduate or equivalent,Republican,Male,21,3,5,6,4,6,6,5,4,6,5,4,6,3,7,4,5,5,3,6,6,7,5,3,3,6,4,5,7,5,4,2,3,5,8,7,5,8,3,5,4,6,4,5,6,5,6,4,5
196,18,"White, non-Hispanic",30-44,BA or above,Democrat,Female,37,3,0,10,10,9,10,1,10,10,0,10,10,10,10,1,0,0,10,10,10,0,10,10,0,9,7,9,3,0,1,10,8,10,10,10,9,10,10,77,77,9,10,77,10,9,10,77,10
197,5,"Black, non-Hispanic",30-44,BA or above,Independent,Male,43,0,5,5,10,10,4,10,10,77,77,77,77,77,77,0,0,0,10,10,10,10,10,10,77,10,10,10,10,0,0,10,10,10,10,10,10,10,10,5,5,10,5,5,77,77,10,77,10
198,6,"White, non-Hispanic",60+,HS graduate or equivalent,Independent,Female,75,0,1,10,5,5,10,77,9,10,0,10,10,10,10,0,0,0,10,5,10,0,10,10,0,10,10,10,5,0,0,10,10,10,10,10,10,10,10,5,2,10,10,77,10,10,9,0,9
199,35,"White, non-Hispanic",60+,BA or above,Democrat,Female,79,6,0,10,10,8,9,77,10,10,0,10,10,77,8,77,0,0,8,5,10,0,10,10,0,10,5,5,4,0,0,10,5,10,5,6,5,8,9,7,77,7,10,77,8,10,6,4,10
200,11,"Black, non-Hispanic",30-44,Some college,Democrat,Female,36,0,5,5,5,5,10,10,10,10,5,10,5,5,5,5,5,77,10,77,10,77,10,10,5,10,10,10,5,0,5,8,10,10,10,10,10,10,10,5,10,10,10,10,10,10,10,10,10
201,26,"White, non-Hispanic",45-59,BA or above,Republican,Male,59,10,10,5,5,0,0,10,5,5,10,2,0,2,0,5,0,0,7,5,5,5,5,2,5,5,0,0,0,10,5,5,5,5,0,0,0,10,5,0,5,5,8,8,0,3,5,7,5
202,40,"White, non-Hispanic",45-59,Some college,Republican,Female,54,6,10,10,5,0,5,10,10,5,10,0,0,0,0,10,10,10,5,10,5,10,5,7,8,0,0,0,0,10,10,0,0,10,0,5,0,5,10,0,10,10,5,5,0,10,10,10,5
203,11,"White, non-Hispanic",60+,BA or above,Republican,Female,60,3,4,8,6,8,9,8,7,10,8,10,9,77,9,6,2,77,4,4,7,3,7,7,3,4,4,3,1,1,3,7,7,10,7,6,77,9,7,7,6,8,10,7,8,8,10,6,7
204,31,"White, non-Hispanic",60+,BA or above,Republican,Male,76,9,0,10,8,10,10,10,0,10,10,0,0,0,0,5,0,0,0,0,0,9,7,0,0,0,0,0,0,7,10,9,9,10,10,0,0,10,10,7,5,10,10,10,0,10,0,0,10
205,20,Hispanic,45-59,Some college,Independent,Female,46,98,5,5,7,5,3,7,5,5,5,77,77,77,77,77,77,77,77,8,3,77,5,5,77,5,5,5,5,2,2,7,8,3,8,8,7,7,7,77,77,77,77,77,77,77,77,77,77
206,30,"White, non-Hispanic",60+,BA or above,Republican,Male,65,4,10,98,5,8,0,10,10,5,10,0,0,0,0,10,5,10,5,0,0,10,5,10,10,0,0,0,0,10,10,0,0,10,0,0,0,5,8,77,8,10,5,8,0,5,10,10,10
207,9,"White, non-Hispanic",60+,BA or above,Republican,Female,69,8,7,8,4,7,3,10,4,3,8,0,0,0,0,8,6,6,0,5,0,7,2,2,8,1,0,1,0,9,10,1,3,6,0,77,0,10,8,2,5,7,5,7,0,3,6,7,4
208,20,"Black, non-Hispanic",60+,Some college,Republican,Male,68,0,10,5,5,5,3,10,1,2,10,0,0,0,0,9,5,5,2,10,5,1,10,10,5,2,0,0,0,10,8,1,1,5,5,5,3,10,5,0,10,10,5,5,0,1,5,10,5
209,12,Hispanic,18-29,Some college,Democrat,Female,26,2,1,8,7,10,10,5,5,10,3,10,10,10,10,0,0,0,10,8,10,2,8,5,3,10,8,5,1,0,3,7,5,10,3,8,7,5,8,5,77,7,4,0,1,9,5,0,2
210,23,"Black, non-Hispanic",60+,Some college,Democrat,Male,64,1,5,5,6,4,4,10,6,5,6,10,5,8,5,8,4,10,7,10,10,5,8,10,0,8,6,7,2,0,0,10,8,10,0,5,5,10,10,5,6,10,10,8,5,10,10,8,10
211,12,"Black, non-Hispanic",45-59,BA or above,Democrat,Female,59,5,5,5,4,8,6,9,9,8,5,77,77,8,77,7,4,77,10,6,7,5,6,10,6,8,7,5,4,5,4,7,6,9,9,10,7,8,8,3,77,7,5,5,77,10,5,5,10
212,9,"Black, non-Hispanic",45-59,BA or above,Democrat,Female,51,5,6,5,6,5,4,5,7,7,4,7,5,6,7,4,3,5,6,3,9,5,7,6,4,10,8,3,4,5,3,6,6,10,6,7,7,4,10,7,4,7,4,4,5,7,5,4,6
213,33,"White, non-Hispanic",30-44,BA or above,Independent,Male,39,3,3,7,6,3,5,8,3,10,3,10,10,8,7,3,0,0,7,8,8,0,10,7,0,8,5,5,5,0,0,7,7,10,10,10,5,10,7,8,2,7,8,3,8,10,5,0,7
214,17,"White, non-Hispanic",30-44,Some college,Republican,Male,36,2,5,77,5,3,2,5,10,3,5,10,10,5,5,10,0,5,5,10,10,0,10,10,10,10,5,5,5,5,77,77,10,10,10,10,10,5,10,10,10,10,10,5,10,10,10,10,5
215,34,Hispanic,30-44,Some college,Democrat,Female,35,7,4,4,7,7,8,5,5,7,4,6,5,7,7,4,3,2,2,7,6,4,8,7,6,9,8,7,3,6,6,5,5,5,8,8,5,5,4,8,98,5,6,4,4,8,7,5,3
216,22,"White, non-Hispanic",30-44,BA or above,Independent,Male,34,98,0,5,5,0,8,8,10,8,0,10,10,8,10,5,0,0,5,10,10,10,10,10,0,5,5,5,0,0,0,0,9,10,10,10,0,5,5,8,5,9,5,5,9,10,7,1,6
217,32,"Black, non-Hispanic",45-59,BA or above,Democrat,Male,47,6,0,10,10,0,10,10,10,10,0,10,5,10,9,10,0,0,5,10,10,0,10,0,0,0,5,5,0,1,0,5,5,10,10,10,6,0,10,10,10,10,10,10,10,10,10,5,10
218,2,Hispanic,60+,BA or above,Democrat,Male,66,7,5,10,10,7,10,10,10,10,7,10,8,10,10,4,0,3,6,10,10,0,7,8,10,10,10,5,1,0,0,5,6,10,10,10,7,10,10,10,5,10,10,10,10,10,10,4,10
219,9,"White, non-Hispanic",45-59,Some college,Democrat,Female,49,0,0,0,10,10,10,0,2,10,0,10,10,10,10,1,0,0,10,10,10,10,10,10,10,10,10,10,10,0,0,10,10,10,9,10,10,9,9,10,0,10,10,0,10,10,10,1,10
220,28,"White, non-Hispanic",30-44,BA or above,Republican,Female,34,4,1,10,5,8,8,3,9,8,4,10,10,8,8,5,5,3,5,2,5,5,5,5,5,7,3,2,1,5,5,2,7,9,3,77,2,10,10,10,0,5,10,5,5,10,10,5,10
221,35,"White, non-Hispanic",60+,Some college,Republican,Female,60,1,10,10,5,5,5,10,5,0,10,0,0,5,0,10,10,10,5,5,8,0,10,5,5,0,0,5,0,10,10,5,5,5,5,10,0,10,10,0,10,10,5,10,0,0,5,10,5
222,24,"Asian, non-Hispanic",18-29,BA or above,Democrat,Female,27,4,3,7,6,7,7,6,6,10,0,10,10,10,10,0,0,0,10,7,10,77,10,5,77,7,2,2,3,2,77,5,7,8,7,77,7,77,10,10,7,8,6,6,10,10,7,3,10
223,24,"Black, non-Hispanic",60+,HS graduate or equivalent,Democrat,Female,63,5,5,8,5,5,5,8,10,8,5,10,10,10,10,10,0,77,10,5,10,5,10,10,0,10,10,10,10,0,0,10,10,10,5,5,10,5,10,5,5,10,10,5,77,10,10,5,10
224,7,"White, non-Hispanic",18-29,Some college,Democrat,Male,22,8,8,3,4,6,7,9,8,9,8,10,8,7,6,0,1,0,10,8,0,77,2,9,77,3,6,77,0,77,10,77,77,7,77,77,77,77,77,77,4,8,8,6,8,4,9,8,8
225,37,"White, non-Hispanic",60+,BA or above,Republican,Male,87,7,4,10,6,10,6,8,10,9,7,77,5,7,4,4,2,5,3,0,0,4,6,4,77,5,3,4,0,4,6,7,5,8,77,5,4,10,10,10,4,6,7,8,77,4,4,5,8
226,3,"White, non-Hispanic",60+,Some college,Democrat,Female,74,8,7,10,10,10,10,77,9,10,3,10,8,8,7,5,2,98,3,9,10,0,10,9,7,8,6,3,3,6,7,5,8,10,8,7,8,10,10,5,5,8,10,5,9,10,7,7,9
227,19,"White, non-Hispanic",18-29,Some college,Independent,Female,26,0,5,5,10,0,0,0,5,8,10,8,10,9,10,0,0,0,8,9,77,10,10,10,10,5,10,10,10,5,0,10,10,10,10,10,10,10,10,4,77,77,77,5,77,0,5,5,8
228,21,"White, non-Hispanic",30-44,BA or above,Independent,Male,37,4,5,9,6,10,8,10,7,8,7,10,10,10,10,7,2,0,8,10,5,0,10,8,1,7,5,8,10,2,4,8,9,10,10,8,10,10,8,7,3,6,9,77,8,10,6,3,8
229,9,"Black, non-Hispanic",18-29,HS graduate or equivalent,Independent,Female,26,7,0,10,5,5,7,10,77,10,0,77,10,5,10,0,0,77,10,10,10,77,10,10,77,10,10,8,5,10,10,10,10,10,5,10,10,5,77,77,0,77,5,77,0,10,8,77,77
230,36,"White, non-Hispanic",60+,BA or above,Democrat,Female,71,7,5,10,10,8,7,10,10,6,6,10,10,10,10,0,0,0,10,10,10,0,10,10,0,8,10,10,3,2,0,6,5,10,10,10,2,10,10,10,0,6,10,0,10,10,4,0,10
231,29,"White, non-Hispanic",45-59,Some college,Republican,Male,45,6,10,5,5,5,5,10,0,0,10,0,0,0,0,0,0,0,0,5,6,7,5,10,7,4,0,5,0,10,5,5,5,0,10,10,5,5,10,0,10,0,0,0,0,10,0,5,0
232,20,"Black, non-Hispanic",45-59,BA or above,Independent,Male,46,5,5,6,6,6,6,10,7,9,5,5,5,5,5,5,5,5,5,5,5,5,5,5,6,10,10,5,6,0,7,5,5,9,9,9,10,6,9,5,5,5,7,5,5,8,10,10,9
233,38,"White, non-Hispanic",60+,Some college,Republican,Female,64,7,6,7,0,7,5,8,5,2,9,0,0,0,0,5,3,4,0,8,3,7,7,2,2,3,5,2,0,10,2,0,3,8,6,5,3,8,4,0,5,5,6,4,0,1,4,3,4
234,28,"Black, non-Hispanic",45-59,Some college,Democrat,Male,53,5,1,9,9,9,9,5,9,9,1,9,9,8,9,3,0,0,9,5,7,9,9,9,1,7,9,9,5,0,5,9,9,10,10,10,10,10,9,9,0,9,5,5,10,10,5,1,9
235,4,"White, non-Hispanic",60+,Some college,Republican,Female,71,4,10,10,0,0,0,9,0,2,10,2,2,0,0,8,5,5,4,0,0,3,1,5,8,0,0,0,0,10,5,0,5,7,5,0,0,7,9,4,6,8,5,7,1,0,77,8,2
236,17,"White, non-Hispanic",45-59,Some college,Independent,Male,54,5,5,10,8,0,5,10,5,5,5,8,10,2,10,5,0,0,0,10,10,5,10,8,10,5,0,0,0,10,5,0,0,10,10,10,0,10,5,8,0,0,10,10,5,4,10,5,5
237,24,"Asian, non-Hispanic",45-59,BA or above,Democrat,Female,59,7,7,8,7,8,7,10,10,10,6,10,10,10,10,3,0,0,9,5,77,0,8,6,77,3,0,0,3,3,5,5,8,10,8,10,8,10,5,77,77,7,8,5,77,8,5,5,8
238,18,"White, non-Hispanic",60+,BA or above,Democrat,Male,68,6,1,10,10,10,10,10,10,10,1,10,6,10,6,10,4,3,4,10,0,0,10,6,0,7,7,5,0,0,0,10,10,10,10,10,77,10,5,10,0,10,10,5,10,7,8,4,10
239,40,"White, non-Hispanic",30-44,BA or above,Independent,Male,43,4,6,5,4,6,4,7,5,5,6,6,7,6,6,4,2,2,5,4,2,2,2,5,6,5,3,3,2,5,6,4,4,7,4,6,4,6,5,5,5,5,4,4,6,5,4,5,5
240,2,"White, non-Hispanic",45-59,HS graduate or equivalent,Independent,Male,59,2,5,9,5,10,10,10,0,5,10,77,77,5,9,10,10,10,3,0,5,10,5,10,9,5,5,9,0,10,10,7,7,10,10,10,10,10,5,77,9,10,10,10,0,7,6,10,5
241,16,Hispanic,18-29,Some college,Democrat,Male,22,5,0,10,10,10,10,5,7,10,0,10,10,10,10,4,0,0,7,8,9,8,7,10,0,8,10,3,2,0,0,10,10,10,10,10,6,10,10,7,2,10,10,5,10,10,5,0,7
242,36,"Black, non-Hispanic",30-44,BA or above,Democrat,Female,44,3,0,10,9,10,10,0,10,10,0,10,10,10,10,0,0,0,9,10,10,10,10,10,0,10,10,9,10,0,0,10,9,10,10,9,9,10,10,77,1,9,9,0,10,10,10,0,10
243,24,"White, non-Hispanic",60+,BA or above,Democrat,Female,64,3,4,6,6,5,6,3,5,7,5,7,7,5,6,5,4,3,5,5,6,5,5,5,5,5,4,3,3,5,5,5,5,6,6,5,4,5,6,6,5,5,6,5,5,7,5,5,7
244,1,"White, non-Hispanic",18-29,Some college,Republican,Female,23,6,2,10,6,7,5,10,7,9,6,77,6,77,77,77,2,77,3,7,2,77,5,6,1,1,2,1,0,5,77,6,5,9,6,4,4,8,8,77,6,77,7,77,77,4,10,6,10
245,31,"Black, non-Hispanic",60+,Some college,Democrat,Female,69,8,5,10,6,4,8,0,5,10,10,10,10,8,10,5,2,0,7,10,10,10,10,10,0,10,10,10,10,0,2,10,10,10,7,98,10,10,5,8,8,10,8,5,8,10,8,6,7
246,27,"White, non-Hispanic",45-59,BA or above,Independent,Female,57,10,8,8,6,7,6,7,7,10,6,5,5,8,0,8,7,7,2,7,7,2,7,6,6,6,1,2,1,9,5,5,5,8,5,7,1,1,1,5,8,7,7,7,0,4,9,7,7
247,24,"White, non-Hispanic",30-44,Some college,Democrat,Female,35,4,8,8,7,8,5,7,7,10,3,10,10,10,10,3,0,2,10,8,8,3,7,5,0,10,10,5,0,0,0,8,8,10,10,8,10,10,8,7,5,8,10,7,8,10,8,6,10
248,7,"White, non-Hispanic",60+,Some college,Democrat,Female,75,3,0,10,5,10,8,5,10,10,3,10,10,10,9,2,0,0,10,5,10,0,10,10,0,10,10,7,2,0,0,8,10,10,10,10,10,10,7,9,5,10,9,5,10,10,9,2,10
249,1,"2+, non-Hispanic",60+,BA or above,Republican,Female,62,5,10,5,5,5,0,10,7,3,10,2,2,1,2,6,5,2,2,4,0,1,1,5,7,0,0,0,0,5,5,0,0,5,3,3,0,10,10,1,8,6,3,5,6,2,4,6,4
250,8,"White, non-Hispanic",60+,BA or above,Democrat,Male,60,7,5,8,7,8,10,9,10,10,0,10,10,10,10,0,0,0,8,10,10,0,10,10,0,10,5,7,5,0,0,10,10,10,10,10,10,10,10,10,5,10,10,4,10,10,8,2,8
251,25,"Black, non-Hispanic",18-29,Some college,Democrat,Female,26,0,0,10,5,10,6,6,10,10,2,77,7,6,7,77,0,77,77,7,8,77,10,10,5,10,10,10,10,6,10,8,8,10,2,8,5,6,0,1,7,10,6,8,5,8,8,7,6
252,6,"White, non-Hispanic",45-59,BA or above,Independent,Male,47,0,0,10,0,10,10,0,10,10,0,10,10,10,10,0,0,0,0,5,0,10,10,5,0,0,10,0,0,0,0,0,0,10,10,10,10,0,10,10,0,0,0,0,0,10,0,0,0
253,14,"White, non-Hispanic",30-44,Some college,Democrat,Female,33,5,0,10,10,10,10,4,10,10,0,10,10,6,77,0,0,0,4,77,77,0,5,6,1,5,2,77,1,5,7,77,77,9,9,10,9,77,9,6,0,77,6,0,77,10,7,5,5
254,23,"White, non-Hispanic",30-44,BA or above,Republican,Male,40,6,8,3,5,5,5,8,5,3,8,2,2,5,0,8,9,8,1,6,0,5,1,3,8,2,0,0,0,9,5,3,3,1,5,3,0,77,7,77,7,8,5,5,0,2,8,7,9
255,32,"Other, non-Hispanic",45-59,BA or above,Republican,Female,59,1,8,8,4,9,9,5,5,9,6,10,10,9,10,10,10,9,10,8,10,6,10,9,2,1,9,9,10,10,98,8,5,10,5,9,10,8,10,5,5,10,7,7,5,10,6,10,98
256,30,"White, non-Hispanic",60+,BA or above,Independent,Male,72,2,8,7,3,7,7,9,3,4,8,7,5,7,4,77,7,5,5,4,9,6,8,6,4,5,4,4,1,4,8,7,8,9,8,8,5,10,9,3,8,8,6,6,3,8,5,6,5
257,8,"Black, non-Hispanic",18-29,Some college,Independent,Male,23,2,6,77,77,77,77,5,77,10,77,5,77,5,77,77,77,77,77,5,5,77,5,2,77,10,8,5,6,0,0,7,77,5,9,7,8,77,77,77,77,77,77,77,77,77,5,77,5
258,4,"White, non-Hispanic",30-44,Some college,Independent,Female,39,4,10,10,5,2,1,77,2,0,10,4,4,5,98,6,0,0,8,10,5,77,10,10,6,5,10,10,2,10,10,10,10,10,5,6,9,10,8,77,9,9,3,9,7,3,5,8,4
259,18,"White, non-Hispanic",30-44,Some college,Republican,Female,34,5,7,5,4,5,5,5,5,5,6,5,5,5,5,5,4,5,5,4,5,5,7,7,5,5,5,5,4,7,5,6,5,5,5,5,5,5,5,5,5,5,5,5,5,5,5,5,5
260,27,Hispanic,18-29,BA or above,Democrat,Male,25,5,3,5,5,5,3,6,8,10,5,10,10,10,10,5,0,1,9,10,10,0,10,10,0,10,10,6,1,0,2,8,7,10,10,10,10,77,9,0,0,8,6,1,10,10,3,0,8
261,30,"White, non-Hispanic",45-59,HS graduate or equivalent,Republican,Female,55,3,10,2,2,2,2,10,8,5,10,5,8,6,6,5,0,77,5,5,5,5,10,10,5,4,10,10,0,10,10,8,5,10,7,5,5,5,10,5,5,5,5,5,5,8,5,9,5
262,29,"White, non-Hispanic",45-59,BA or above,Republican,Female,53,10,10,0,0,6,7,10,7,5,10,0,0,0,0,10,5,5,0,10,0,5,0,0,10,0,0,0,0,10,5,0,0,5,5,8,0,10,10,0,10,5,5,5,10,5,10,8,5
263,5,"White, non-Hispanic",60+,BA or above,Independent,Female,62,3,4,8,77,5,7,8,10,10,3,8,77,5,7,5,2,0,3,10,10,0,10,8,0,8,5,10,6,0,1,10,8,10,7,10,5,10,7,77,4,5,10,3,5,10,6,0,7
264,30,"White, non-Hispanic",60+,BA or above,Democrat,Female,71,2,5,10,9,10,10,77,8,10,2,10,10,10,10,2,0,1,9,8,10,1,10,8,1,10,6,9,2,0,2,8,9,10,9,9,8,9,9,8,2,7,8,1,10,10,4,1,10
265,29,"White, non-Hispanic",60+,Some college,Independent,Male,69,4,10,7,0,10,4,10,0,0,10,0,0,0,0,10,10,10,0,2,2,10,3,5,10,2,0,1,0,10,10,0,0,8,5,5,0,5,10,0,4,3,5,3,0,1,2,10,8
266,4,"White, non-Hispanic",45-59,BA or above,Democrat,Male,53,1,0,10,10,5,10,5,10,10,0,10,10,8,10,0,0,0,8,10,10,0,10,10,0,10,10,5,0,0,0,10,10,10,10,10,10,10,10,10,0,10,10,8,10,10,5,0,10
267,15,Hispanic,18-29,BA or above,Independent,Male,24,3,0,10,5,10,10,4,9,10,1,10,10,10,10,0,0,0,10,10,10,1,10,10,0,10,10,8,9,5,0,10,10,10,7,10,10,10,10,7,3,6,8,3,77,5,5,0,5
268,18,Hispanic,60+,Some college,Democrat,Female,61,4,10,10,2,2,2,10,8,0,10,10,10,9,7,9,9,6,10,6,98,6,10,10,2,10,10,10,10,1,0,10,10,10,10,10,10,10,10,8,7,10,8,10,9,5,6,8,9
269,36,Hispanic,60+,BA or above,Independent,Female,60,5,10,5,2,5,5,10,10,0,10,2,5,0,0,10,5,5,5,0,5,5,10,10,10,5,0,0,5,9,5,5,8,10,5,4,10,10,10,2,3,8,3,10,0,2,2,10,5
270,36,"Black, non-Hispanic",45-59,BA or above,Democrat,Male,47,5,5,8,5,7,6,10,9,8,8,8,6,5,5,6,2,77,5,10,8,8,8,10,3,10,7,5,1,8,7,6,6,10,2,3,8,10,8,8,7,7,7,5,7,7,6,7,7
271,17,"White, non-Hispanic",18-29,BA or above,Independent,Female,26,6,4,5,3,6,6,5,6,6,4,5,4,6,5,3,2,2,4,2,8,5,8,6,3,5,5,6,77,4,6,2,6,8,7,5,5,5,5,5,77,6,6,4,5,8,5,4,3
272,24,"White, non-Hispanic",60+,Some college,Independent,Female,63,3,9,2,3,3,3,8,2,5,9,2,2,1,2,2,1,0,6,3,3,10,7,8,4,10,0,0,0,5,6,3,4,8,9,5,3,3,8,8,9,9,9,10,5,2,9,3,9
273,13,"White, non-Hispanic",60+,BA or above,Independent,Male,78,6,8,5,5,5,5,10,7,5,10,0,0,5,0,5,7,5,0,8,5,5,8,5,5,0,0,0,0,10,3,5,5,10,0,2,0,8,10,5,5,8,5,8,0,2,5,5,8
274,14,"White, non-Hispanic",18-29,BA or above,Independent,Male,28,5,10,7,1,7,3,10,0,2,10,0,0,1,0,8,7,5,0,6,7,6,5,7,7,2,0,2,0,9,5,3,10,7,1,1,0,9,10,0,8,2,4,6,3,8,4,5,4
275,34,"White, non-Hispanic",60+,BA or above,Republican,Male,67,4,6,10,3,10,3,10,0,0,10,0,3,2,0,10,10,10,0,77,0,2,8,0,0,0,0,0,0,10,0,0,0,10,0,0,0,6,4,1,8,5,10,7,0,7,6,4,7
276,18,"White, non-Hispanic",60+,HS graduate or equivalent,Republican,Male,61,3,10,5,3,5,4,77,5,2,6,77,77,6,7,10,6,4,5,7,4,9,4,9,6,5,5,4,4,10,8,5,6,10,10,8,5,8,77,5,6,6,6,6,7,3,6,5,5
277,31,Hispanic,30-44,Some college,Democrat,Female,34,3,0,8,10,10,9,1,10,10,0,10,10,10,5,0,0,0,5,6,10,5,7,9,0,10,10,10,10,0,5,0,10,10,10,10,10,0,10,10,0,10,10,3,7,10,10,5,7
278,38,"White, non-Hispanic",60+,BA or above,Republican,Male,63,8,10,6,5,5,5,6,6,6,8,2,5,3,1,7,5,6,3,9,0,10,5,5,7,0,0,0,0,10,7,5,3,10,8,5,2,2,8,5,5,5,6,5,2,5,7,8,8
279,11,"Asian, non-Hispanic",30-44,Some college,Republican,Male,40,3,9,0,1,2,7,9,3,7,10,10,10,10,10,1,5,3,7,8,10,10,10,10,2,8,9,7,7,1,0,10,10,10,10,10,10,10,10,10,7,10,7,6,6,10,3,1,2
280,1,"Black, non-Hispanic",45-59,Some college,Democrat,Female,45,5,0,10,10,8,5,10,0,10,5,5,5,5,5,10,5,5,10,5,10,10,10,10,10,10,10,10,10,0,0,10,10,10,10,10,10,10,10,5,10,10,5,10,5,10,10,10,10
281,2,"Asian, non-Hispanic",18-29,HS graduate or equivalent,Independent,Male,21,0,3,10,8,10,10,6,8,10,0,10,8,6,10,5,0,0,5,10,10,0,10,10,0,10,10,10,5,0,0,10,10,10,10,10,10,10,10,0,0,10,5,5,10,10,10,0,5
282,3,Hispanic,30-44,Some college,Democrat,Female,36,7,5,7,3,3,7,6,8,7,7,5,7,8,2,3,8,4,3,7,3,6,3,6,4,10,8,7,8,7,8,7,6,7,7,8,8,8,10,8,8,8,8,7,8,9,9,8,7
283,6,"Black, non-Hispanic",30-44,BA or above,Democrat,Male,35,5,5,7,7,7,4,5,77,8,7,77,5,6,77,77,0,77,7,77,8,3,10,7,3,10,2,10,77,7,77,6,7,8,8,7,77,77,77,77,6,9,8,77,77,8,5,77,10
284,37,"White, non-Hispanic",60+,BA or above,Independent,Male,69,0,10,10,0,0,0,10,0,0,10,5,98,5,8,10,10,0,7,0,10,0,5,5,0,5,0,0,0,10,0,0,5,10,10,98,10,10,10,0,10,10,10,0,5,0,3,0,0
285,7,"White, non-Hispanic",30-44,Some college,Republican,Male,44,10,10,10,0,7,0,10,2,0,10,0,0,0,0,10,10,10,0,10,0,10,0,0,10,0,0,0,0,10,10,0,0,5,0,6,0,10,6,0,10,6,6,10,0,0,5,6,6
286,13,"White, non-Hispanic",45-59,BA or above,Independent,Male,47,1,5,6,8,7,6,77,77,10,4,10,10,10,9,2,0,0,10,5,10,1,8,6,0,10,9,7,6,4,6,10,7,10,9,9,8,10,10,3,2,9,6,3,8,10,7,0,10
287,21,"White, non-Hispanic",18-29,HS graduate or equivalent,Independent,Male,21,5,0,10,10,10,10,0,0,10,0,10,10,10,10,0,0,0,77,10,10,77,10,10,0,10,10,10,5,0,0,10,10,10,10,10,10,77,10,10,0,5,10,0,10,10,10,0,10
288,27,"White, non-Hispanic",45-59,BA or above,Republican,Male,47,7,0,7,2,10,10,8,3,8,10,7,5,4,10,6,1,7,0,5,6,77,0,9,2,5,3,6,1,10,10,7,6,9,8,7,3,77,0,77,7,5,6,4,77,0,9,3,10
289,34,"White, non-Hispanic",45-59,Some college,Democrat,Male,57,0,3,8,8,8,8,8,6,8,3,10,8,8,8,2,0,2,7,10,9,2,8,8,2,9,8,9,7,2,0,10,10,10,10,10,10,10,10,9,0,9,9,3,8,10,8,3,10
290,7,"2+, non-Hispanic",30-44,Some college,Democrat,Female,35,5,5,6,4,5,3,7,5,5,7,5,8,5,5,6,3,5,8,5,5,5,5,7,5,8,8,6,3,3,3,5,6,10,10,5,10,10,5,5,5,7,5,5,77,10,6,6,5
291,10,"White, non-Hispanic",60+,BA or above,Democrat,Female,78,6,0,10,10,7,8,77,10,10,0,10,10,10,10,0,0,0,10,0,10,0,10,10,0,10,5,7,0,2,0,10,7,10,10,5,5,10,10,10,5,5,10,1,8,10,8,3,10
292,32,"White, non-Hispanic",30-44,Some college,Independent,Male,41,6,8,5,3,8,3,8,9,4,9,8,4,3,6,5,3,2,6,9,5,1,8,8,6,5,2,3,0,5,3,3,6,8,8,8,5,9,9,6,3,5,10,8,2,6,7,5,5
293,37,Hispanic,18-29,Some college,Independent,Female,23,5,7,5,2,77,5,0,2,6,3,6,8,8,9,77,1,1,77,5,4,1,6,8,1,0,1,5,3,4,7,5,6,8,6,6,4,5,10,77,6,77,77,3,4,10,10,0,6
294,20,Hispanic,60+,Some college,Democrat,Female,61,5,2,9,6,5,3,10,8,10,5,10,10,5,8,5,0,0,9,10,10,1,10,10,0,10,10,9,5,0,0,0,10,10,5,9,10,9,1,8,0,10,8,0,0,10,8,10,5
295,13,"White, non-Hispanic",60+,Some college,Republican,Male,71,6,7,9,5,5,2,7,6,3,7,1,4,5,1,8,6,5,3,6,3,6,5,5,7,3,1,1,0,8,5,4,5,7,5,5,3,8,7,3,5,7,8,8,0,3,5,6,5
296,12,"White, non-Hispanic",45-59,Some college,Independent,Male,52,9,10,1,3,5,5,10,77,0,10,0,0,0,0,77,5,5,0,5,5,77,4,10,5,0,0,0,0,9,9,4,3,8,5,77,0,10,10,0,4,1,1,2,0,8,5,0,3
297,27,Hispanic,18-29,Some college,Democrat,Female,24,5,5,4,6,5,4,4,4,6,3,5,5,5,5,5,1,2,5,10,10,6,10,10,5,10,10,10,10,5,1,5,5,4,5,5,7,7,7,5,4,4,6,6,6,5,6,6,5
298,31,"Black, non-Hispanic",45-59,BA or above,Republican,Male,54,1,5,10,8,10,10,10,8,10,0,10,10,10,10,10,10,10,10,10,10,2,8,10,10,5,10,10,0,0,0,5,8,10,10,10,10,10,10,10,2,10,9,2,10,10,4,0,10
299,10,"White, non-Hispanic",30-44,BA or above,Republican,Male,39,5,3,8,5,7,5,10,9,10,7,5,4,6,2,4,0,7,3,4,1,10,4,6,7,0,0,5,0,3,7,5,5,10,3,5,3,7,4,10,0,10,10,7,8,6,9,5,10
300,21,Hispanic,30-44,HS graduate or equivalent,Democrat,Female,41,2,8,7,8,6,6,9,77,10,3,10,10,9,6,5,0,77,5,8,6,5,5,7,5,9,10,8,6,0,0,8,7,10,10,10,10,5,5,8,0,10,5,8,8,8,6,6,7
301,39,"White, non-Hispanic",45-59,Some college,Independent,Male,56,10,10,9,0,5,1,8,8,1,10,1,4,2,0,10,10,6,8,10,1,1,1,2,1,0,0,0,0,10,3,1,1,10,9,9,1,0,9,0,9,5,6,6,0,0,9,9,6
302,3,Hispanic,18-29,HS graduate or equivalent,Democrat,Female,27,2,5,10,77,10,10,77,77,10,0,10,10,10,77,2,0,0,7,77,10,5,5,10,1,5,10,6,5,5,0,10,10,10,10,8,10,0,10,77,77,9,77,3,5,10,5,0,10
303,21,"Black, non-Hispanic",18-29,BA or above,Independent,Female,29,0,3,7,5,5,6,8,8,8,4,10,10,7,7,2,0,0,5,10,10,77,10,10,77,10,10,10,10,0,0,10,7,10,10,10,10,10,6,7,6,10,10,3,5,10,10,0,7
304,15,"White, non-Hispanic",60+,BA or above,Independent,Male,76,2,4,7,9,6,8,77,6,10,2,7,6,7,9,5,1,1,5,2,8,77,7,6,1,8,7,77,2,0,0,7,6,6,8,7,7,8,7,77,5,5,8,5,9,8,8,7,9
305,28,"Black, non-Hispanic",60+,HS graduate or equivalent,Independent,Male,60,5,77,5,5,6,6,77,77,77,5,1,2,2,3,8,5,6,2,3,3,77,5,5,5,6,3,4,2,5,77,6,5,4,5,8,5,10,8,77,7,7,8,5,1,5,6,6,5
306,34,"Black, non-Hispanic",18-29,BA or above,Democrat,Female,24,3,0,10,10,10,10,0,5,10,0,10,10,10,10,0,0,5,10,8,10,0,10,10,0,10,10,10,10,0,0,10,10,10,10,10,10,5,9,10,77,8,77,3,77,10,10,0,10
307,26,Hispanic,45-59,BA or above,Democrat,Male,58,7,5,6,4,8,7,10,8,10,3,10,10,10,7,10,9,7,10,8,6,7,8,9,7,10,10,10,10,7,8,8,9,10,7,8,7,9,8,8,8,6,9,8,10,10,8,10,8
308,11,"White, non-Hispanic",30-44,BA or above,Independent,Female,36,4,2,7,77,6,6,6,77,3,3,8,77,77,5,77,77,2,8,77,2,2,7,6,77,3,7,5,77,6,5,77,77,7,6,7,77,9,9,7,77,10,9,3,77,6,9,3,77
309,2,Hispanic,30-44,BA or above,Independent,Female,41,3,1,10,10,10,7,0,77,10,2,10,10,10,10,77,0,0,10,10,10,77,8,10,77,10,8,77,5,0,0,10,10,10,10,10,10,77,10,10,10,10,10,10,77,10,77,77,5
310,33,"White, non-Hispanic",30-44,BA or above,Independent,Female,41,5,0,10,9,8,8,8,7,10,4,9,10,9,77,4,0,0,5,5,8,3,9,9,9,10,8,8,0,1,3,8,8,10,9,10,77,77,9,5,4,7,9,77,6,10,8,4,10
311,8,"White, non-Hispanic",45-59,BA or above,Republican,Female,52,5,10,10,3,5,2,10,2,5,5,0,5,3,0,7,3,3,1,7,1,9,10,10,3,0,0,0,0,10,5,77,77,5,5,10,1,10,10,1,10,10,10,10,0,3,5,10,3
312,26,"White, non-Hispanic",45-59,Some college,Republican,Female,45,5,10,5,0,4,5,9,5,4,9,5,5,5,5,5,5,5,7,5,5,5,7,6,4,5,5,6,6,5,5,5,5,10,10,10,7,7,7,4,6,6,5,5,5,4,6,5,4
313,22,"2+, non-Hispanic",18-29,BA or above,Republican,Male,22,4,6,5,1,7,4,2,5,2,7,0,0,1,0,10,8,77,0,0,0,10,0,1,9,0,0,0,0,10,4,0,1,0,1,1,0,1,7,10,0,77,5,6,77,5,5,0,0
314,3,"White, non-Hispanic",60+,BA or above,Independent,Female,65,8,2,10,10,7,10,10,8,10,2,10,10,10,10,3,5,2,5,10,6,0,9,5,0,8,4,0,0,0,0,5,5,10,7,6,3,10,7,10,0,10,10,9,10,10,5,2,9
315,14,"White, non-Hispanic",45-59,BA or above,Independent,Male,57,2,10,1,0,5,0,10,5,0,10,0,0,0,0,10,10,9,0,9,1,9,9,9,1,5,0,0,0,10,5,0,1,10,10,10,5,9,10,0,10,5,1,2,0,0,1,9,0
316,27,"White, non-Hispanic",60+,BA or above,Democrat,Male,63,4,2,10,10,10,10,5,10,10,3,10,10,7,8,0,0,0,10,10,10,1,10,10,1,10,10,10,5,0,0,10,10,10,10,10,7,10,10,10,0,10,7,0,10,10,7,2,10
317,7,Hispanic,45-59,HS graduate or equivalent,Democrat,Male,51,6,8,9,7,10,8,10,10,10,7,10,10,10,10,0,0,2,98,2,10,77,10,10,0,10,10,10,5,5,8,10,10,10,10,8,10,9,10,10,2,10,8,7,8,0,5,6,10
318,25,"White, non-Hispanic",45-59,BA or above,Independent,Male,51,1,0,10,8,9,9,9,6,10,1,10,10,10,5,3,1,2,8,5,5,0,6,8,2,5,5,77,0,0,0,8,8,10,10,10,10,10,10,8,2,8,10,10,9,10,10,5,10
319,16,"White, non-Hispanic",60+,BA or above,Republican,Male,60,7,0,3,7,10,10,10,10,7,7,6,6,6,5,7,7,6,3,3,4,1,8,3,7,5,0,3,0,5,3,77,77,8,7,7,0,7,5,77,6,4,10,8,0,8,7,7,7
320,12,"Asian, non-Hispanic",60+,BA or above,Independent,Female,75,5,5,6,8,6,6,6,5,5,5,8,8,8,4,8,6,6,6,3,5,5,6,5,4,5,5,6,2,4,5,5,5,7,6,7,6,10,6,8,7,6,6,6,5,8,6,5,7
321,5,"White, non-Hispanic",30-44,BA or above,Republican,Female,37,1,10,77,5,3,2,10,8,7,10,2,0,0,0,7,5,77,0,7,8,0,10,10,5,0,77,0,0,8,7,0,10,10,77,8,8,10,10,77,77,5,2,2,1,9,77,10,1
322,17,Hispanic,60+,Some college,Democrat,Female,62,5,5,5,8,5,5,10,5,10,6,5,5,10,5,8,8,10,5,10,0,77,8,8,10,10,10,10,5,8,5,10,10,10,10,10,10,10,10,5,5,8,10,5,77,10,77,10,10
323,7,"Black, non-Hispanic",60+,Some college,Independent,Male,66,4,0,10,10,9,10,9,8,9,7,10,10,10,10,10,0,0,10,0,8,0,7,8,0,10,10,10,7,0,0,8,8,10,10,10,9,9,0,1,7,9,9,8,9,8,10,10,10
324,15,"Asian, non-Hispanic",30-44,BA or above,Democrat,Male,30,1,4,9,6,7,6,6,4,9,4,10,10,10,10,0,0,0,10,1,6,3,6,4,0,5,5,6,0,0,1,6,5,10,8,8,2,10,7,6,4,10,10,2,7,8,6,0,4
325,28,"White, non-Hispanic",60+,BA or above,Republican,Male,61,2,10,5,0,5,5,10,10,0,10,0,5,0,5,5,5,5,5,10,0,0,8,0,5,0,0,0,0,10,0,0,0,10,5,5,0,5,5,5,10,5,8,8,2,0,10,5,3
326,22,"2+, non-Hispanic",18-29,HS graduate or equivalent,Independent,Male,21,5,10,5,10,7,10,10,8,0,10,10,10,10,10,2,0,1,10,10,8,8,10,10,8,5,5,5,0,5,5,0,3,3,5,5,0,10,10,5,1,5,5,5,5,10,5,5,6
327,31,"Black, non-Hispanic",45-59,BA or above,Democrat,Female,51,0,1,10,10,5,3,5,7,10,1,5,5,5,5,8,5,5,7,98,10,10,10,5,5,10,0,5,0,0,0,10,10,10,0,0,5,5,5,10,5,10,10,10,77,10,10,77,10
328,40,Hispanic,45-59,Some college,Republican,Female,52,5,0,0,5,5,0,0,5,0,10,5,5,4,77,4,5,0,5,5,5,0,10,10,5,10,0,5,0,0,10,1,5,10,10,10,5,10,10,10,10,0,5,4,10,5,10,10,10
329,8,"White, non-Hispanic",60+,BA or above,Independent,Male,78,1,5,10,5,8,10,10,0,10,0,10,10,10,10,10,0,10,10,0,10,10,10,5,0,10,10,10,0,0,0,10,10,10,0,5,5,10,10,5,5,10,10,10,0,10,10,10,5
330,5,"Black, non-Hispanic",30-44,Some college,Independent,Female,31,3,3,10,6,10,10,8,10,10,1,10,10,10,10,0,0,0,6,4,10,9,10,9,0,4,10,10,5,0,0,10,10,10,10,10,5,10,9,3,0,7,9,7,10,10,8,5,10
331,24,"White, non-Hispanic",18-29,BA or above,Republican,Female,25,5,5,7,6,77,7,7,3,8,4,6,5,6,7,5,3,3,2,3,6,5,5,6,4,4,4,1,0,5,3,5,6,6,7,7,3,7,8,5,5,7,8,5,5,6,7,4,7
332,22,"White, non-Hispanic",30-44,BA or above,Independent,Male,38,7,6,6,6,8,7,8,2,7,8,9,3,7,2,6,0,1,6,2,8,2,8,6,2,4,4,0,0,2,2,6,6,10,6,4,6,7,10,7,3,9,9,3,6,8,8,6,2
333,27,"Asian, non-Hispanic",30-44,BA or above,Independent,Female,39,5,77,77,77,9,9,77,77,10,77,9,9,9,9,2,0,0,10,0,1,77,0,7,77,5,5,77,0,1,2,6,5,8,8,8,10,77,8,77,3,77,8,77,77,9,9,77,77
334,18,"Asian, non-Hispanic",30-44,BA or above,Republican,Male,39,8,8,2,0,10,10,10,8,10,10,10,10,10,98,9,0,5,8,1,0,10,0,5,2,1,0,0,0,8,0,2,5,9,6,7,0,10,10,10,77,77,10,8,77,2,3,6,0
335,7,"White, non-Hispanic",45-59,Some college,Republican,Female,51,8,8,7,3,3,2,8,8,6,7,5,5,5,5,6,5,5,4,6,8,6,6,3,8,8,3,2,2,6,4,4,7,6,6,6,4,6,7,3,6,5,5,6,3,3,6,4,6
336,2,"Black, non-Hispanic",18-29,Some college,Democrat,Female,21,6,0,10,10,10,10,5,5,10,0,10,10,10,10,5,5,77,10,5,9,0,10,7,77,5,10,10,5,0,77,5,5,10,10,5,6,7,10,77,5,7,5,77,77,10,8,5,5
337,10,"2+, non-Hispanic",60+,BA or above,Independent,Male,62,7,2,10,5,10,10,10,0,5,2,5,2,8,8,10,5,8,3,8,5,0,10,10,0,0,0,5,0,2,0,5,10,10,5,10,2,10,10,5,10,8,9,10,0,2,8,10,8
338,26,Hispanic,60+,No HS diploma,Democrat,Male,68,4,4,10,10,5,10,10,10,10,5,10,10,10,10,5,0,5,10,5,10,10,10,5,0,10,5,5,0,0,98,10,10,10,10,10,10,10,10,10,5,10,10,5,10,10,10,5,5
339,21,"White, non-Hispanic",60+,BA or above,Democrat,Male,78,3,5,9,10,9,9,9,10,10,1,10,10,9,9,1,0,0,9,4,8,0,10,9,0,8,3,7,1,0,0,9,9,10,9,9,10,10,10,10,0,8,10,9,10,10,8,1,10
340,36,"White, non-Hispanic",45-59,BA or above,Democrat,Female,53,4,4,10,9,7,7,7,9,10,0,10,9,7,8,5,0,1,7,5,8,0,9,7,0,9,5,5,1,0,0,5,5,10,7,5,5,5,7,8,0,10,9,5,9,10,9,3,5
341,9,"White, non-Hispanic",45-59,BA or above,Democrat,Male,59,5,5,7,8,8,8,5,10,10,5,10,10,8,5,2,0,5,4,10,8,0,9,9,8,98,5,77,2,0,0,77,5,10,8,5,5,9,8,9,2,7,9,0,10,10,8,0,9
342,27,"Black, non-Hispanic",45-59,BA or above,Independent,Male,46,10,77,8,10,0,0,10,7,3,10,10,77,77,5,5,6,4,5,7,10,8,5,10,5,10,10,10,10,2,0,5,10,10,10,10,5,10,7,10,0,5,10,5,10,10,10,5,5
343,33,"White, non-Hispanic",60+,BA or above,Republican,Female,68,2,10,10,0,10,6,9,8,0,10,5,5,5,0,5,0,0,4,5,0,0,9,3,1,7,0,0,0,5,5,0,0,10,1,1,1,5,9,0,10,10,5,8,0,5,0,5,0
344,36,"White, non-Hispanic",18-29,Some college,Republican,Male,27,3,5,7,3,3,2,5,5,7,5,9,8,8,77,1,0,1,1,2,7,3,9,6,3,6,3,4,1,77,77,77,8,8,4,6,2,5,7,2,6,5,77,5,2,4,7,7,3
345,1,"Black, non-Hispanic",30-44,BA or above,Democrat,Female,37,5,5,5,98,98,98,98,98,98,98,98,98,98,98,98,98,98,98,98,98,98,98,98,98,98,98,98,98,98,98,98,98,98,98,98,98,98,98,98,98,98,98,98,98,98,98,98,98
346,39,"White, non-Hispanic",30-44,Some college,Republican,Female,35,9,5,10,2,10,5,7,2,8,7,77,77,2,5,6,2,5,5,8,5,10,5,7,10,5,4,0,0,10,6,1,3,7,3,10,7,7,8,77,6,7,7,5,10,5,8,8,8
347,6,"Other, non-Hispanic",18-29,Some college,Republican,Female,26,9,3,7,10,7,7,5,0,10,5,10,5,5,10,10,0,0,5,0,0,0,77,10,10,5,0,0,5,0,5,10,10,10,10,10,10,10,10,10,77,10,10,77,10,5,10,10,10
348,17,"White, non-Hispanic",60+,BA or above,Independent,Female,65,1,10,0,0,0,0,2,0,0,10,1,0,2,2,9,7,5,1,1,1,1,5,2,10,0,0,0,0,9,9,5,5,10,9,2,2,10,5,3,10,10,8,5,0,1,5,0,2
349,12,"Black, non-Hispanic",30-44,BA or above,Independent,Female,38,2,5,8,8,77,6,5,10,7,3,77,77,7,77,77,77,77,77,10,10,5,10,8,3,8,10,5,1,77,77,77,98,8,77,77,77,10,10,77,8,77,77,77,77,8,10,10,7
350,22,"White, non-Hispanic",30-44,BA or above,Independent,Male,34,1,0,10,10,10,10,77,5,10,0,10,10,10,10,0,0,0,10,5,10,0,10,10,0,10,10,10,5,0,0,10,10,10,10,10,10,10,10,77,0,10,10,0,10,10,10,0,5
351,8,"White, non-Hispanic",30-44,Some college,Independent,Male,39,6,10,7,0,5,0,10,8,5,8,7,10,8,10,4,0,0,10,7,5,5,4,10,4,5,2,6,0,0,5,4,6,10,10,10,7,10,10,5,2,10,3,4,10,10,7,3,4
352,19,"White, non-Hispanic",60+,BA or above,Democrat,Male,73,4,0,10,10,8,10,8,8,10,5,10,10,10,10,4,0,0,7,8,10,0,10,9,0,0,0,0,0,0,0,5,5,10,10,10,5,10,10,7,4,10,10,10,10,8,10,10,10
353,23,"White, non-Hispanic",45-59,Some college,Republican,Female,54,3,5,10,8,10,10,10,8,10,5,8,8,8,8,5,0,2,5,7,10,5,10,10,3,7,10,10,0,5,5,5,10,10,8,10,5,7,10,8,8,8,8,7,6,8,10,10,10
354,11,Hispanic,18-29,BA or above,Democrat,Male,26,6,0,9,8,8,8,77,7,10,0,9,10,9,10,3,0,0,9,77,10,10,10,9,3,10,10,10,8,5,77,10,10,10,10,10,10,77,77,8,77,10,9,5,77,8,8,1,5
355,10,"Black, non-Hispanic",30-44,Some college,Independent,Male,37,4,3,7,5,6,5,7,6,7,0,5,7,6,8,3,0,4,5,8,5,2,7,7,0,10,10,9,7,0,0,7,8,10,8,7,5,5,2,5,5,4,6,4,5,10,2,0,2
356,37,"Black, non-Hispanic",30-44,Some college,Democrat,Male,38,5,0,10,10,10,10,5,10,10,0,10,10,10,10,0,0,0,10,10,10,0,2,8,0,10,10,5,0,0,0,10,10,10,10,10,10,10,10,5,3,10,10,4,10,8,5,8,10
357,13,"White, non-Hispanic",60+,BA or above,Independent,Male,70,2,0,8,7,7,8,10,8,10,4,10,10,10,7,5,3,1,4,7,10,0,10,8,0,9,3,3,0,1,0,7,7,10,77,77,77,8,5,7,1,7,9,5,6,4,7,3,8
358,33,"Black, non-Hispanic",30-44,HS graduate or equivalent,Democrat,Male,43,5,77,77,10,10,8,5,77,0,0,10,10,10,8,77,5,6,10,7,5,4,3,6,5,10,10,10,10,0,3,10,10,10,10,10,10,10,10,5,77,77,8,10,77,10,10,10,10
359,35,"2+, non-Hispanic",45-59,BA or above,Democrat,Male,50,3,1,1,5,0,10,1,10,10,0,2,9,7,7,2,1,5,6,2,10,0,10,10,0,10,6,10,0,0,0,10,10,10,10,10,10,7,10,6,9,7,4,1,1,10,7,3,10
360,1,"Asian, non-Hispanic",18-29,BA or above,Independent,Male,24,7,10,5,3,8,0,8,10,3,10,10,8,7,3,3,0,77,3,5,2,8,5,5,3,0,0,0,0,10,5,0,5,6,6,6,5,8,8,10,0,10,10,7,10,0,7,7,7
361,7,"White, non-Hispanic",45-59,Some college,Republican,Male,58,4,6,9,7,6,5,8,4,2,8,0,0,0,0,7,9,7,0,7,0,8,2,4,8,0,0,0,0,10,7,3,1,7,2,2,0,7,6,77,7,7,8,8,1,3,6,8,6
362,22,"Black, non-Hispanic",30-44,BA or above,Democrat,Female,38,5,5,7,5,7,5,5,8,8,3,5,5,5,5,5,5,5,5,5,5,5,5,5,5,8,5,5,2,5,3,5,5,8,5,7,5,5,5,5,5,5,5,5,5,8,10,5,8
363,3,"White, non-Hispanic",60+,BA or above,Democrat,Female,73,98,3,10,8,7,8,9,8,10,4,10,9,9,9,5,2,3,8,5,10,0,10,10,0,8,5,77,0,0,0,5,10,10,7,6,5,5,9,77,5,10,10,9,8,9,8,8,10
364,5,"White, non-Hispanic",45-59,BA or above,Independent,Male,59,0,8,2,1,5,5,8,7,1,10,7,9,0,8,1,0,0,10,10,10,0,10,9,0,10,10,77,77,10,0,0,0,77,10,10,10,10,10,0,5,0,5,6,7,10,7,0,8
365,17,"White, non-Hispanic",45-59,BA or above,Independent,Female,48,4,0,8,5,5,9,2,8,10,2,7,7,7,77,5,0,0,4,1,10,1,9,7,0,8,5,77,1,0,0,4,6,10,10,10,77,10,10,5,4,10,10,5,9,10,9,6,9
366,38,"White, non-Hispanic",60+,Some college,Republican,Female,70,8,10,5,0,5,5,8,8,5,10,0,0,0,5,8,6,7,3,8,3,10,5,7,4,3,0,0,0,10,5,0,0,10,10,10,0,10,10,0,8,8,5,7,0,0,6,10,8
367,2,Hispanic,60+,Some college,Democrat,Male,64,7,0,10,10,10,10,10,5,10,5,10,10,10,10,10,0,5,10,5,10,5,10,10,5,10,10,10,5,0,5,5,5,10,5,5,10,5,10,5,5,5,5,5,5,5,10,5,10
368,16,"2+, non-Hispanic",45-59,Some college,Democrat,Female,52,5,5,8,5,5,5,8,10,10,0,10,5,5,5,5,0,5,2,5,5,10,5,7,10,10,10,10,10,0,0,8,10,10,5,10,10,5,0,5,0,5,5,5,5,10,7,5,7
369,38,"White, non-Hispanic",60+,BA or above,Independent,Male,76,2,10,10,0,5,0,10,5,5,8,5,5,10,5,5,0,5,0,5,10,0,10,5,0,10,5,2,0,0,0,10,10,10,10,10,77,10,10,5,10,10,9,3,8,10,0,0,8
370,15,"White, non-Hispanic",30-44,BA or above,Independent,Female,38,5,10,10,5,5,8,10,8,5,5,0,5,0,0,10,5,5,5,0,0,10,0,5,10,0,0,0,0,10,5,2,2,5,5,5,2,5,10,0,10,5,10,10,0,5,5,5,5
371,35,Hispanic,45-59,Some college,Independent,Female,55,4,8,10,4,6,7,10,7,8,7,7,7,8,0,9,4,6,7,3,6,8,9,10,5,5,3,2,2,5,7,6,6,9,3,8,4,9,10,6,6,6,7,5,4,5,8,8,4
372,34,"2+, non-Hispanic",30-44,Some college,Democrat,Female,34,5,8,8,10,5,5,10,7,7,10,7,7,5,7,3,0,0,8,5,10,10,10,10,3,10,10,10,10,0,5,10,5,10,2,8,10,10,5,77,77,77,77,77,77,77,77,5,77
373,23,"White, non-Hispanic",18-29,BA or above,Democrat,Female,27,7,8,10,10,10,8,10,8,10,5,10,10,10,10,4,1,77,4,9,2,8,8,8,6,6,10,10,0,4,6,4,7,10,2,9,7,7,9,9,0,5,8,3,77,8,9,5,7
374,15,"White, non-Hispanic",18-29,BA or above,Independent,Male,23,3,10,2,0,0,0,7,9,0,8,5,7,7,7,3,0,1,3,0,4,4,3,9,2,2,0,5,0,3,5,2,6,10,7,7,8,7,7,4,7,4,5,6,7,7,6,6,7
375,11,"White, non-Hispanic",30-44,BA or above,Independent,Male,35,7,7,2,5,6,7,10,3,1,8,7,8,5,3,2,0,7,5,3,5,6,6,10,4,2,2,3,5,10,10,1,2,4,7,7,5,7,10,4,5,10,10,10,0,5,10,10,10
376,10,"White, non-Hispanic",60+,HS graduate or equivalent,Republican,Male,65,6,7,8,5,4,4,8,10,5,10,8,8,6,0,5,3,4,6,4,7,8,6,7,5,0,0,4,0,10,6,4,4,8,7,8,3,8,8,6,6,7,10,8,3,3,4,9,6
377,39,Hispanic,18-29,Some college,Independent,Male,24,4,5,8,7,8,8,77,9,9,5,9,9,9,5,3,0,77,5,77,9,77,5,8,77,5,9,5,4,6,6,8,8,3,10,5,5,77,77,77,5,77,77,4,77,10,10,77,7
378,8,"Black, non-Hispanic",18-29,BA or above,Independent,Female,23,77,10,9,8,7,8,5,10,10,0,9,8,8,8,8,0,77,5,1,4,8,5,7,77,10,9,10,77,77,8,8,77,9,9,6,9,10,8,77,77,9,77,77,77,77,77,77,77
379,2,"Black, non-Hispanic",45-59,BA or above,Independent,Male,54,5,8,8,8,5,8,10,10,7,9,10,10,7,10,5,1,0,10,9,9,77,6,8,5,9,10,77,77,0,0,10,5,8,5,8,5,8,77,10,5,10,10,9,5,10,10,0,8
380,5,"White, non-Hispanic",45-59,Some college,Democrat,Female,46,5,5,5,5,77,0,77,5,7,5,77,10,10,77,5,0,5,10,7,5,5,10,10,10,8,5,5,0,5,5,0,10,10,10,10,5,5,10,77,77,10,5,77,77,10,5,5,77
381,25,"White, non-Hispanic",45-59,BA or above,Republican,Male,52,8,7,6,2,6,5,6,2,5,5,9,7,9,5,6,0,3,3,5,2,5,2,6,4,4,4,3,0,5,4,6,7,8,4,5,3,8,5,5,4,6,10,6,5,4,5,5,6
382,14,Hispanic,60+,BA or above,Independent,Male,71,3,3,7,10,8,6,0,10,10,7,10,10,10,10,77,0,1,8,2,0,10,0,10,3,10,10,10,0,0,0,10,10,10,10,10,10,10,2,10,77,7,7,6,10,10,10,0,10
383,20,"White, non-Hispanic",45-59,Some college,Republican,Female,56,3,7,4,6,5,5,77,10,4,10,77,0,77,77,10,10,10,77,0,77,0,10,10,10,0,0,0,0,10,10,2,0,8,10,10,5,77,10,77,4,10,10,10,8,0,6,5,10
384,26,"White, non-Hispanic",45-59,BA or above,Republican,Male,52,8,2,9,1,9,9,3,5,0,10,2,2,2,2,8,9,5,0,1,0,8,5,7,10,0,2,7,0,10,3,0,0,10,7,8,0,10,2,3,6,3,5,2,0,0,3,8,5
385,17,"White, non-Hispanic",45-59,Some college,Independent,Female,47,3,7,8,5,5,5,10,10,7,10,5,7,9,8,5,0,0,8,10,10,10,5,10,4,10,10,77,10,5,5,8,10,10,10,10,8,10,10,5,6,7,7,6,77,10,7,77,6
386,17,"White, non-Hispanic",60+,BA or above,Democrat,Male,70,3,5,8,7,5,5,7,7,10,3,10,8,8,10,5,3,4,7,6,8,2,10,8,0,8,7,6,5,1,3,7,7,10,7,7,7,10,8,7,5,9,8,5,7,10,7,4,8
387,5,"White, non-Hispanic",45-59,BA or above,Democrat,Male,57,2,0,10,10,10,10,10,5,10,5,10,10,7,10,5,0,0,5,5,10,0,10,10,5,10,10,5,5,0,2,10,10,10,10,10,10,10,10,10,0,10,10,5,10,8,8,0,10
388,26,"White, non-Hispanic",18-29,BA or above,Democrat,Male,27,5,0,10,10,10,10,0,10,10,0,10,10,10,10,0,0,0,10,10,10,0,10,10,0,10,10,10,5,0,0,10,10,10,10,10,10,10,10,10,0,8,10,5,10,10,10,2,10
389,11,"White, non-Hispanic",60+,Some college,Republican,Male,60,5,10,10,2,7,8,2,0,0,10,0,2,0,0,8,7,7,2,3,5,10,5,7,10,0,0,0,0,10,10,7,2,5,3,4,4,5,10,0,8,9,8,9,5,5,5,10,5
390,22,"White, non-Hispanic",30-44,BA or above,Republican,Male,35,5,8,5,7,7,0,8,8,8,10,77,9,10,77,2,0,0,5,6,0,10,0,7,7,0,0,0,5,8,5,8,8,10,10,10,8,77,10,77,5,5,5,0,77,2,2,5,5
391,30,"White, non-Hispanic",30-44,BA or above,Democrat,Female,41,1,1,8,6,8,10,77,9,10,77,10,10,77,77,3,0,0,6,5,9,0,10,6,0,7,7,77,77,0,0,8,7,10,10,10,7,10,77,10,0,7,10,77,8,9,8,1,5
392,26,"White, non-Hispanic",30-44,Some college,Independent,Female,42,3,0,10,5,10,10,5,77,10,77,10,10,10,10,0,0,0,10,10,10,77,10,10,5,10,10,10,77,77,77,10,10,10,10,10,10,10,10,77,10,10,5,77,77,10,10,0,10
393,11,"White, non-Hispanic",45-59,BA or above,Independent,Female,48,4,7,8,5,7,7,5,9,10,1,10,5,7,7,4,0,0,77,77,8,77,7,7,3,5,3,77,0,3,2,77,7,8,77,77,3,77,5,5,4,7,7,3,5,4,7,4,5
394,13,"White, non-Hispanic",60+,Some college,Democrat,Female,73,0,1,10,10,7,9,8,1,10,0,10,5,7,7,4,1,2,8,5,10,5,10,10,1,10,5,9,4,0,0,8,8,10,10,9,5,10,10,10,2,10,10,3,10,10,5,2,9
395,3,Hispanic,30-44,Some college,Republican,Male,43,8,10,77,0,5,0,10,77,0,10,0,0,0,0,10,2,8,77,10,5,0,8,9,9,6,0,0,0,3,3,5,5,10,8,77,77,2,10,0,10,2,5,2,0,2,2,9,4
396,11,"White, non-Hispanic",30-44,BA or above,Independent,Male,38,10,0,10,10,10,10,8,10,10,2,10,10,10,10,0,0,0,8,10,10,0,10,10,0,10,10,8,7,0,0,10,10,10,10,10,10,10,10,7,3,10,10,7,10,10,10,4,10
397,15,"Black, non-Hispanic",45-59,BA or above,Democrat,Female,56,5,7,5,8,2,2,5,5,8,8,5,5,5,5,8,5,5,2,5,5,5,5,8,5,10,10,8,8,5,3,10,10,10,10,10,10,10,77,5,5,5,5,5,5,7,5,5,5
398,25,"White, non-Hispanic",30-44,Some college,Republican,Female,41,1,10,8,2,6,6,10,6,10,7,77,77,77,7,7,7,77,77,7,10,6,10,10,8,10,10,5,0,5,5,7,7,10,10,10,8,8,10,5,7,77,8,8,77,3,8,10,2
399,15,"White, non-Hispanic",60+,Some college,Democrat,Male,66,3,0,10,5,77,8,10,8,10,5,10,10,7,10,5,0,0,8,10,10,0,10,7,0,10,7,7,0,0,0,8,5,10,8,8,5,10,10,7,5,10,10,5,10,10,8,0,10
400,3,"White, non-Hispanic",45-59,BA or above,Republican,Male,58,8,5,5,3,8,5,9,10,7,8,77,77,77,77,10,3,3,2,5,10,1,10,10,5,5,8,5,0,10,77,2,77,10,77,77,77,77,77,77,9,9,10,10,8,9,10,10,10
401,25,"Black, non-Hispanic",30-44,Some college,Independent,Female,36,3,9,8,10,3,2,10,10,7,5,7,7,5,7,3,7,77,5,77,9,5,5,10,0,10,10,7,0,5,10,5,8,10,7,10,5,5,3,3,3,77,7,7,7,7,7,7,7
402,40,"White, non-Hispanic",18-29,BA or above,Independent,Male,27,2,0,10,5,7,6,7,0,10,2,10,10,10,6,0,0,2,8,5,8,8,10,7,0,7,7,5,1,0,0,9,9,10,10,5,5,10,4,10,0,9,10,5,10,10,8,0,7
403,36,"White, non-Hispanic",45-59,Some college,Independent,Male,46,4,10,0,0,2,2,10,0,0,10,0,0,0,0,10,8,8,0,3,0,10,0,5,10,0,0,5,0,10,4,0,0,5,0,2,0,5,10,0,10,0,0,5,0,0,0,8,0
404,25,"White, non-Hispanic",60+,Some college,Independent,Male,69,5,5,7,5,7,7,77,7,9,5,8,8,5,6,5,3,3,5,5,7,4,5,5,2,0,6,4,1,0,0,6,7,10,6,6,5,7,7,5,0,5,6,5,5,9,5,4,5
405,33,"White, non-Hispanic",60+,Some college,Independent,Female,66,8,5,10,9,10,2,10,10,10,10,0,0,0,0,10,8,5,0,0,0,77,9,0,10,0,0,0,0,10,77,0,0,10,10,10,0,10,2,0,8,10,10,0,0,10,10,10,10
406,6,"White, non-Hispanic",30-44,Some college,Republican,Male,43,5,10,10,1,0,0,10,5,0,10,0,0,3,0,10,6,5,0,3,0,10,10,77,6,0,2,5,0,10,5,2,0,10,10,10,5,10,5,5,5,4,10,10,0,4,0,10,0
407,26,"White, non-Hispanic",30-44,Some college,Independent,Female,40,3,3,5,7,5,4,5,10,7,8,8,8,7,8,5,2,3,2,3,3,5,7,9,9,5,8,8,6,5,5,6,5,9,8,8,5,7,5,6,5,77,6,6,77,5,4,5,5
408,29,"White, non-Hispanic",60+,BA or above,Democrat,Female,74,7,0,10,10,10,10,5,10,10,0,10,10,10,10,4,0,0,8,77,10,0,8,10,0,10,10,5,5,0,0,10,10,10,10,10,8,10,10,10,0,0,9,3,10,8,8,1,10
409,28,"White, non-Hispanic",18-29,Some college,Republican,Female,23,5,0,10,6,5,5,77,5,6,4,77,7,3,77,2,2,2,3,77,3,5,2,4,77,0,3,3,0,77,7,3,77,8,5,5,2,77,4,77,77,77,77,77,77,0,7,77,5
410,22,"White, non-Hispanic",30-44,Some college,Independent,Female,30,5,8,6,7,6,3,5,4,77,3,5,5,5,4,6,3,4,4,5,6,5,7,5,5,9,8,7,7,6,5,7,6,6,7,6,6,5,6,3,4,3,5,5,2,10,8,6,5
411,27,"Asian, non-Hispanic",18-29,BA or above,Independent,Male,25,6,2,7,5,9,77,77,9,77,7,10,8,8,9,2,1,0,9,0,10,9,6,4,1,5,4,3,7,8,5,7,5,7,6,9,7,5,5,9,4,4,5,7,10,9,10,0,4
412,17,"Black, non-Hispanic",60+,Some college,Democrat,Male,67,3,5,8,5,0,5,10,10,5,10,5,5,5,5,10,0,5,3,10,10,5,10,10,5,5,5,0,0,0,0,5,5,10,5,8,0,10,10,8,5,5,10,5,10,10,5,5,5
413,39,"White, non-Hispanic",45-59,Some college,Republican,Female,46,5,10,2,2,5,5,10,0,5,10,77,77,77,77,77,77,77,77,77,77,77,5,10,77,77,77,77,77,77,77,77,77,10,10,10,10,10,77,77,77,77,77,77,77,77,77,10,77
414,8,"White, non-Hispanic",60+,BA or above,Independent,Male,75,4,1,10,10,9,9,9,8,10,2,10,10,10,10,4,0,5,8,7,10,5,10,10,3,10,9,9,3,0,0,10,10,10,10,10,5,10,10,8,3,9,10,10,8,10,7,9,10
415,16,"White, non-Hispanic",60+,BA or above,Democrat,Male,71,3,0,10,10,7,10,5,6,10,0,10,10,10,8,0,0,98,8,5,10,0,10,8,0,10,10,10,7,0,0,8,8,10,10,10,10,10,10,10,0,8,10,0,10,10,7,0,10
416,6,Hispanic,18-29,Some college,Independent,Male,25,0,0,10,10,8,10,0,2,10,0,10,10,10,10,0,0,0,10,10,10,0,10,8,0,8,10,7,7,8,2,10,10,10,8,8,10,10,10,0,0,0,0,0,10,10,5,0,5
417,10,"Black, non-Hispanic",18-29,HS graduate or equivalent,Democrat,Male,21,0,3,77,9,6,77,77,7,10,6,10,10,77,9,8,7,77,0,77,9,10,10,6,3,4,7,77,0,0,0,10,10,8,8,7,9,7,77,7,77,5,7,2,10,9,10,10,9
418,13,Hispanic,60+,BA or above,Democrat,Male,70,3,0,9,8,5,10,6,10,10,3,10,9,10,5,5,0,3,5,8,10,0,9,10,0,10,10,7,0,0,0,10,10,10,7,8,5,10,10,10,4,10,10,6,10,10,9,5,8
419,26,"Asian, non-Hispanic",18-29,Some college,Independent,Female,22,4,8,77,5,10,10,10,77,10,5,10,10,10,10,6,7,2,10,4,10,10,8,10,10,7,10,5,7,1,0,10,10,10,9,10,10,5,8,77,77,5,6,5,77,7,10,1,6
420,17,"Black, non-Hispanic",18-29,Some college,Democrat,Female,23,3,1,7,8,7,77,77,8,10,0,8,10,5,9,1,0,0,8,7,9,77,8,77,77,8,10,10,8,0,5,5,5,10,8,8,10,7,5,5,5,5,5,5,77,9,8,77,77
421,26,"Asian, non-Hispanic",18-29,HS graduate or equivalent,Democrat,Male,22,3,77,9,10,77,77,77,77,10,77,10,10,10,10,2,0,3,7,2,7,0,10,9,0,2,3,9,10,0,0,8,8,10,5,7,77,10,5,9,6,9,9,9,10,10,6,2,8
422,35,"White, non-Hispanic",60+,Some college,Republican,Male,65,7,10,0,4,7,8,10,5,77,10,4,1,6,8,10,9,9,0,8,1,7,10,6,4,4,0,3,0,2,5,1,5,8,0,0,0,10,10,8,7,7,3,5,77,5,0,8,7
423,16,"White, non-Hispanic",30-44,Some college,Democrat,Male,32,3,0,10,8,8,8,77,7,10,2,10,10,10,10,2,0,0,10,77,10,77,10,8,77,10,10,10,77,0,0,5,7,10,7,10,5,7,10,77,7,7,10,2,10,10,10,3,7
424,14,"White, non-Hispanic",45-59,BA or above,Republican,Female,51,7,5,8,5,5,5,8,5,5,8,0,1,5,0,5,5,5,0,0,0,10,0,0,10,0,0,0,0,10,5,0,0,8,5,0,0,5,5,77,5,5,5,8,5,5,8,10,10
425,19,"White, non-Hispanic",18-29,Some college,Democrat,Male,23,7,4,8,5,7,6,9,8,10,6,10,10,10,7,1,0,1,5,77,10,3,10,10,0,7,7,0,0,1,3,8,10,8,6,77,5,7,10,77,7,10,10,6,77,7,7,3,2
426,32,"Black, non-Hispanic",45-59,Some college,Democrat,Male,58,7,5,7,3,7,3,5,10,4,9,7,7,5,6,5,5,5,7,5,7,5,9,7,8,10,10,5,9,1,1,3,7,9,8,9,7,4,9,3,0,9,7,9,5,10,7,7,3
427,15,"White, non-Hispanic",60+,BA or above,Independent,Male,72,5,5,5,5,9,9,10,10,10,0,10,9,9,5,5,1,1,2,5,10,0,5,9,0,5,1,1,0,0,0,9,9,10,8,2,2,10,9,9,1,9,9,9,10,5,9,5,8
428,6,"White, non-Hispanic",60+,BA or above,Republican,Female,63,6,77,9,5,8,5,7,8,8,77,77,77,77,0,5,1,0,1,77,3,4,5,8,7,8,0,0,0,10,5,77,0,9,0,7,3,77,8,5,8,8,9,5,0,7,8,7,5
429,10,"White, non-Hispanic",60+,Some college,Independent,Male,73,3,2,10,10,10,10,77,4,10,0,10,10,10,10,7,0,4,10,10,10,0,10,8,7,10,7,9,0,2,0,6,7,10,6,4,8,9,10,10,0,8,10,9,10,10,10,6,10
430,18,"Black, non-Hispanic",18-29,BA or above,Democrat,Female,26,9,0,10,5,3,10,5,9,10,0,10,3,10,10,10,9,8,6,0,9,8,10,10,10,10,10,10,10,0,0,10,10,10,10,10,10,10,10,3,9,8,3,0,0,10,10,10,10
431,2,"Black, non-Hispanic",18-29,Some college,Democrat,Male,22,5,0,10,10,10,10,5,10,10,0,10,10,10,10,0,0,0,10,10,10,5,10,10,0,10,10,10,10,0,0,10,10,10,5,10,10,10,10,5,5,10,10,5,10,5,10,0,10
432,13,"White, non-Hispanic",45-59,Some college,Republican,Female,53,5,10,5,5,77,0,10,5,0,10,77,77,5,5,5,5,77,5,77,77,0,10,10,3,10,10,77,77,10,5,10,5,10,10,10,5,10,10,0,8,5,5,5,77,0,9,3,5
433,38,"White, non-Hispanic",30-44,BA or above,Independent,Female,40,3,7,5,5,5,5,10,7,10,10,5,2,5,77,10,5,77,3,10,10,0,10,10,77,10,10,10,10,10,0,0,0,10,5,10,77,77,77,77,10,7,5,5,8,3,5,3,77
434,15,"White, non-Hispanic",30-44,Some college,Republican,Male,35,5,3,0,1,7,9,9,0,0,10,10,77,5,77,5,2,77,6,10,6,10,6,5,0,3,3,5,0,10,8,1,0,10,2,5,77,77,10,77,5,77,2,1,77,2,5,1,2
435,31,"White, non-Hispanic",45-59,Some college,Republican,Female,58,5,10,2,4,3,2,10,5,4,8,0,0,0,0,8,8,8,0,5,4,6,7,6,5,0,2,0,0,5,5,5,5,8,6,8,77,10,8,77,5,5,6,6,2,3,4,5,4
436,19,Hispanic,45-59,BA or above,Democrat,Female,57,2,3,9,10,10,10,5,0,10,0,10,10,10,10,8,2,2,8,8,10,0,10,10,0,10,10,10,10,0,0,10,10,10,10,8,10,10,10,77,2,10,10,77,9,10,10,5,10
437,6,"Black, non-Hispanic",18-29,HS graduate or equivalent,Democrat,Female,21,4,10,5,4,6,6,5,6,3,6,10,10,10,10,0,0,10,5,10,5,4,10,5,0,5,6,4,2,4,5,5,5,6,6,10,5,6,10,5,4,10,9,9,10,8,10,3,6
438,30,"White, non-Hispanic",30-44,BA or above,Republican,Male,33,4,3,10,3,10,7,10,77,8,3,6,10,5,6,4,0,2,5,0,0,10,7,3,10,3,7,5,2,3,7,5,5,10,8,8,2,10,8,0,10,5,10,10,0,10,10,8,7
439,23,"White, non-Hispanic",30-44,BA or above,Republican,Female,40,5,8,5,1,5,3,77,77,77,10,0,1,77,77,77,77,77,77,77,5,77,10,8,5,0,0,2,0,9,0,5,5,10,10,10,2,3,8,5,8,77,77,77,77,77,77,7,5
440,31,"White, non-Hispanic",60+,Some college,Republican,Female,68,8,10,2,8,2,1,10,3,0,10,6,5,7,6,6,3,4,5,7,5,10,5,3,5,2,0,0,0,5,5,0,1,6,0,5,3,10,6,5,10,5,8,8,5,5,7,8,5
441,39,"White, non-Hispanic",60+,BA or above,Independent,Male,69,6,9,9,6,8,8,9,10,6,10,2,1,0,1,6,6,6,2,0,6,8,7,6,4,2,2,0,0,4,1,2,2,4,6,8,4,10,10,4,4,6,8,4,1,4,5,6,6
442,13,"White, non-Hispanic",60+,BA or above,Republican,Female,63,2,6,4,2,5,3,10,8,2,10,2,2,2,0,9,5,5,0,98,0,10,8,7,9,3,0,0,0,10,2,2,2,10,0,5,0,2,10,0,9,9,9,77,0,2,5,7,3
443,4,Hispanic,18-29,BA or above,Democrat,Female,25,5,77,10,77,10,10,3,5,10,0,6,7,7,6,77,4,77,77,5,5,5,7,6,2,5,5,4,4,0,0,6,8,10,77,77,10,77,6,77,77,77,4,77,77,6,8,4,5
444,18,"Black, non-Hispanic",45-59,HS graduate or equivalent,Democrat,Female,53,0,0,8,7,5,5,77,77,7,0,77,77,6,7,77,0,77,77,77,10,77,10,10,5,6,10,10,5,10,5,10,10,10,5,3,6,0,10,77,77,77,5,77,77,10,9,9,10
445,34,Hispanic,30-44,BA or above,Democrat,Male,41,4,4,10,9,7,8,5,0,10,0,8,10,6,7,98,7,7,10,7,10,8,10,10,10,10,7,7,6,0,8,4,7,5,7,8,7,7,7,5,5,5,5,5,7,10,8,0,10
446,1,"White, non-Hispanic",45-59,BA or above,Democrat,Female,48,0,6,10,10,7,7,10,8,10,2,10,10,10,10,0,0,0,10,0,10,9,10,10,0,10,10,10,10,0,0,10,10,10,10,10,6,9,10,10,1,10,10,5,9,10,10,7,10
447,18,"White, non-Hispanic",60+,Some college,Independent,Male,70,3,10,10,7,6,5,10,6,2,10,0,0,8,0,10,7,7,1,5,6,1,8,0,5,0,3,1,0,77,5,7,3,9,5,5,2,10,10,2,8,5,4,5,0,5,1,3,5
448,2,"Asian, non-Hispanic",18-29,BA or above,Democrat,Male,23,3,0,10,10,10,10,5,6,10,3,10,10,10,10,0,0,0,10,10,10,0,10,10,0,10,7,8,7,0,0,6,6,10,10,10,10,10,6,77,0,10,10,5,10,10,10,6,10
449,17,Hispanic,30-44,Some college,Independent,Male,38,4,5,10,10,10,10,10,5,10,0,77,77,5,10,10,0,77,10,10,98,98,10,10,0,10,10,10,0,10,5,10,10,10,5,10,10,10,10,10,10,10,10,10,5,10,10,10,10
450,40,"Asian, non-Hispanic",18-29,Some college,Democrat,Male,21,4,1,7,9,10,10,6,6,10,2,5,5,9,77,3,2,6,4,7,7,77,10,9,4,3,7,77,77,1,5,10,10,6,3,10,8,9,9,77,2,8,10,77,8,10,9,2,10
451,33,"White, non-Hispanic",30-44,BA or above,Democrat,Female,39,6,5,8,6,5,6,6,9,10,4,10,10,10,8,4,0,2,5,4,8,3,10,10,2,7,7,5,3,1,0,7,6,9,98,77,5,7,8,77,3,7,6,5,6,9,8,4,7
452,38,"White, non-Hispanic",30-44,Some college,Independent,Male,35,7,10,5,3,2,2,8,5,3,8,0,0,5,0,5,3,3,5,3,0,10,0,8,10,0,1,5,0,10,5,5,0,5,10,10,1,5,10,0,5,5,5,0,5,5,2,5,2
453,36,"White, non-Hispanic",30-44,Some college,Independent,Female,43,4,4,8,77,8,7,77,8,5,3,77,77,77,77,77,5,77,6,9,0,10,0,10,7,2,0,3,0,9,10,77,77,6,4,7,77,77,7,77,4,77,77,77,77,6,6,7,5
454,17,"White, non-Hispanic",60+,Some college,Independent,Male,61,5,10,2,7,8,5,10,2,10,10,5,5,0,7,10,0,8,0,0,10,5,10,10,0,10,10,10,3,10,5,10,7,7,7,8,7,2,8,3,10,10,8,5,0,10,10,5,5
455,21,"White, non-Hispanic",60+,BA or above,Independent,Male,69,5,10,0,5,10,5,10,0,0,10,0,0,0,0,5,8,8,0,0,5,5,5,0,5,0,0,0,0,5,10,0,0,5,5,0,98,10,10,3,10,5,10,5,0,10,1,2,5
456,13,"White, non-Hispanic",30-44,BA or above,Democrat,Female,35,5,0,10,10,5,10,5,10,10,0,10,10,10,10,0,0,0,10,10,10,0,10,10,0,10,10,8,5,0,0,10,10,10,10,10,10,10,9,4,3,10,10,3,10,10,10,0,10
457,39,"White, non-Hispanic",60+,Some college,Independent,Female,71,5,5,4,3,4,3,8,8,3,10,0,0,0,0,10,7,8,0,3,0,2,2,8,6,0,0,0,0,10,0,4,5,8,2,2,0,5,9,2,5,8,8,7,0,3,3,8,5
458,4,"White, non-Hispanic",18-29,BA or above,Independent,Male,29,0,0,10,10,10,10,5,2,10,0,10,10,10,10,3,0,0,5,10,10,0,10,10,0,10,10,10,10,0,0,10,10,10,10,10,10,10,5,10,5,9,10,5,10,5,9,4,10
459,16,"White, non-Hispanic",45-59,BA or above,Democrat,Female,46,1,0,10,7,8,9,5,9,10,0,10,10,10,10,0,0,0,1,10,8,0,10,10,0,10,10,2,1,0,0,10,10,10,10,10,9,10,9,10,1,9,10,5,9,9,10,4,9
460,31,"White, non-Hispanic",45-59,BA or above,Democrat,Female,58,8,8,9,6,7,7,9,9,5,7,8,9,8,7,7,1,1,8,0,8,5,8,7,2,1,2,2,2,9,7,8,8,9,9,5,2,9,6,5,2,8,9,2,9,9,8,5,8
461,21,"Black, non-Hispanic",60+,Some college,Democrat,Female,67,5,5,10,5,5,5,5,10,10,4,9,77,77,10,77,1,77,77,8,10,0,10,10,0,10,5,77,77,0,0,10,10,10,6,9,5,8,10,5,5,10,5,5,77,9,5,77,77
462,14,"White, non-Hispanic",45-59,BA or above,Democrat,Male,50,2,0,10,10,8,10,2,10,10,0,10,10,10,10,0,0,0,10,10,10,0,10,10,0,10,10,10,8,0,0,10,10,10,10,10,8,10,8,10,2,10,10,3,10,10,10,2,10
463,23,"White, non-Hispanic",60+,BA or above,Democrat,Male,73,5,5,10,10,7,7,10,9,10,7,10,10,9,9,5,0,0,5,9,9,0,7,8,0,10,5,5,0,0,2,7,6,10,10,10,10,10,9,10,0,7,8,6,10,10,6,5,10
464,20,"Asian, non-Hispanic",60+,BA or above,Democrat,Male,77,10,10,10,1,10,10,10,1,1,10,1,4,2,2,10,8,5,8,1,7,5,9,10,8,1,1,1,1,10,1,1,1,10,8,1,1,10,10,10,8,1,10,10,1,5,1,10,1
465,12,"White, non-Hispanic",45-59,BA or above,Independent,Male,53,2,3,10,10,10,5,10,10,8,6,10,10,10,10,0,0,0,10,10,10,10,10,10,8,10,10,10,5,0,0,5,7,10,10,10,10,10,10,10,5,10,10,8,10,10,8,3,8
466,30,"2+, non-Hispanic",45-59,Some college,Independent,Female,57,4,9,7,1,4,3,8,6,5,8,7,5,5,8,6,3,5,5,9,8,3,9,8,5,6,7,7,2,2,2,6,6,7,5,6,8,6,7,6,4,6,6,6,4,6,8,7,4
467,15,"White, non-Hispanic",45-59,Some college,Republican,Male,49,5,10,0,3,4,0,10,0,0,10,5,7,7,5,5,3,2,5,3,7,2,8,7,5,5,5,5,0,5,7,7,5,7,3,3,1,7,9,7,5,5,8,6,0,3,6,7,5
468,7,"White, non-Hispanic",30-44,Some college,Independent,Female,36,7,4,8,7,10,4,2,9,10,2,10,10,10,5,8,3,77,4,7,4,5,4,6,77,4,5,3,0,7,7,6,5,7,7,7,0,10,8,77,4,7,5,4,6,8,6,6,6
469,20,"White, non-Hispanic",60+,BA or above,Republican,Male,61,8,10,10,0,0,0,77,10,0,10,5,7,8,77,10,10,8,0,0,0,10,10,10,10,10,0,0,0,10,10,0,0,10,10,10,10,10,77,0,77,77,10,10,0,0,77,10,10
470,35,"White, non-Hispanic",60+,BA or above,Republican,Male,60,5,5,5,0,6,6,10,6,4,10,5,5,10,6,6,5,6,3,3,0,10,0,5,3,2,0,0,0,3,3,6,6,10,6,10,5,10,6,77,5,5,7,5,0,3,8,6,10
471,15,"Asian, non-Hispanic",18-29,Some college,Independent,Male,23,4,0,9,10,7,7,3,1,10,0,10,10,10,8,1,0,1,8,4,5,5,8,6,0,4,4,6,1,0,0,7,7,10,8,5,5,7,10,7,2,8,10,5,10,7,9,4,8
472,40,"White, non-Hispanic",45-59,BA or above,Independent,Female,50,0,10,0,5,5,5,10,5,0,10,5,8,8,10,8,0,0,7,0,10,10,10,10,0,5,2,2,0,10,8,0,5,5,5,8,8,8,8,5,10,5,10,5,10,2,10,10,5
473,21,"Asian, non-Hispanic",30-44,BA or above,Independent,Female,44,3,2,8,6,10,77,5,10,10,5,10,10,10,10,5,0,0,7,6,10,0,7,10,0,8,8,0,0,0,5,7,9,10,10,10,0,10,8,10,5,10,10,3,10,9,9,5,10
474,16,"White, non-Hispanic",60+,BA or above,Democrat,Female,68,5,5,9,10,10,7,10,10,8,2,77,77,10,8,5,1,0,8,10,8,0,8,10,0,9,5,6,5,0,0,9,9,10,10,10,2,10,10,77,77,8,10,77,77,7,5,2,8
475,24,"Black, non-Hispanic",45-59,BA or above,Democrat,Female,56,7,2,8,6,9,8,5,4,4,3,4,10,6,4,9,2,9,9,5,10,77,10,10,0,10,10,5,10,5,6,10,10,10,8,10,4,5,8,0,7,8,8,5,5,10,8,7,7
476,38,"White, non-Hispanic",18-29,No HS diploma,Democrat,Female,27,2,5,8,9,9,9,8,9,10,5,77,6,8,8,3,2,2,4,2,7,6,8,8,2,10,8,4,2,10,10,10,10,10,10,10,10,10,10,2,0,8,77,77,5,77,6,4,6
477,4,"2+, non-Hispanic",30-44,Some college,Independent,Female,38,2,5,5,10,10,1,10,77,10,10,77,77,10,10,0,0,77,10,5,5,5,10,10,10,0,5,10,5,5,77,77,6,10,10,10,5,5,77,77,77,77,77,5,77,10,10,10,1
478,39,"White, non-Hispanic",45-59,BA or above,Independent,Male,54,2,77,9,6,5,8,9,9,9,3,5,9,8,5,2,2,2,6,7,10,3,7,5,6,10,8,77,77,1,6,77,10,10,8,9,6,10,8,7,1,10,10,5,9,10,7,2,5
479,24,"White, non-Hispanic",45-59,Some college,Republican,Male,54,4,10,10,4,5,3,10,5,2,10,1,0,0,3,10,10,8,3,5,3,8,3,5,10,0,0,1,0,10,5,3,3,9,5,5,5,8,8,3,8,8,5,8,2,2,5,10,3
480,4,"White, non-Hispanic",60+,BA or above,Republican,Female,72,4,10,10,8,8,2,10,10,10,10,5,8,10,10,10,10,5,7,5,5,10,0,7,5,10,0,5,0,8,0,0,0,5,5,5,0,10,2,5,7,5,4,5,3,5,5,9,9
481,9,"Asian, non-Hispanic",18-29,HS graduate or equivalent,Independent,Female,22,4,2,8,5,8,8,77,6,10,3,10,9,10,9,4,1,77,8,6,8,5,6,9,3,8,6,77,5,2,1,8,9,9,8,3,5,5,8,77,4,8,3,4,7,9,5,4,5
482,14,"White, non-Hispanic",30-44,BA or above,Independent,Female,36,7,0,10,8,10,10,10,10,10,2,10,10,10,5,0,0,0,5,0,5,0,10,3,2,5,3,77,0,0,0,5,8,8,7,9,3,10,10,10,0,10,9,7,10,10,9,0,10
483,16,"White, non-Hispanic",45-59,Some college,Republican,Female,59,5,10,10,5,5,5,10,5,5,10,77,5,5,77,5,0,0,5,77,0,5,5,5,77,0,0,0,0,10,5,77,77,10,5,77,77,77,5,77,77,5,7,5,0,0,8,8,5
484,15,"White, non-Hispanic",60+,BA or above,Independent,Male,73,8,8,8,4,5,4,10,8,7,9,5,1,2,2,6,4,4,2,7,5,0,10,5,5,8,1,2,0,5,2,3,3,9,9,9,3,8,8,5,7,6,8,6,3,3,5,4,4
485,6,"White, non-Hispanic",30-44,Some college,Independent,Male,35,6,10,10,5,3,3,5,10,0,10,0,0,5,0,5,0,3,5,5,6,8,7,7,10,7,0,5,0,10,7,3,5,9,8,8,5,3,5,0,7,10,10,7,0,7,6,6,6
486,15,"Black, non-Hispanic",60+,Some college,Democrat,Female,71,3,6,9,8,7,8,8,7,10,2,10,10,7,10,5,1,5,6,8,10,0,8,8,0,10,6,77,1,0,0,9,7,10,8,7,7,10,9,9,3,10,9,9,10,10,8,2,8
487,31,"White, non-Hispanic",60+,Some college,Independent,Female,65,7,9,5,5,3,5,6,8,1,9,5,3,7,6,5,2,77,7,3,1,7,2,9,3,7,2,1,1,10,5,5,7,7,8,6,7,5,5,4,7,7,6,7,5,6,8,6,5
488,35,"Black, non-Hispanic",45-59,BA or above,Independent,Male,52,1,5,5,5,5,5,7,7,5,5,8,8,7,7,2,2,1,5,2,5,9,5,7,8,5,5,5,5,1,2,8,6,9,7,7,8,10,9,5,4,5,5,0,5,10,77,5,5
489,10,"White, non-Hispanic",60+,BA or above,Democrat,Male,69,4,0,7,7,7,7,5,7,9,0,10,10,8,9,3,0,0,5,4,7,0,10,7,0,7,6,3,2,0,0,6,7,10,10,7,5,10,5,10,1,5,8,4,8,5,6,2,8
490,30,"White, non-Hispanic",45-59,Some college,Republican,Male,56,4,9,1,4,7,4,8,5,5,5,9,9,9,9,9,5,2,5,5,5,5,7,8,8,5,2,2,2,10,10,0,0,10,9,10,10,5,9,5,8,8,9,8,8,8,5,6,7
491,25,"Black, non-Hispanic",30-44,BA or above,Democrat,Female,32,5,4,5,4,6,6,8,2,8,5,7,5,6,8,5,3,2,2,0,3,77,5,8,5,4,10,77,3,4,5,6,3,7,5,8,3,6,4,77,3,9,5,3,77,7,5,7,7
492,29,"White, non-Hispanic",18-29,BA or above,Democrat,Female,24,3,0,10,10,10,10,5,10,10,0,10,10,10,10,2,0,2,5,10,5,3,10,77,0,3,4,7,2,5,3,7,7,5,5,8,4,77,4,7,3,8,10,3,9,5,7,4,5
493,1,"White, non-Hispanic",45-59,Some college,Independent,Female,48,3,5,9,5,5,5,5,8,8,5,10,10,10,77,5,1,3,5,5,8,2,8,8,2,10,7,5,5,2,3,8,5,10,10,7,5,10,10,5,5,5,7,6,7,8,9,5,10
494,7,"White, non-Hispanic",30-44,Some college,Democrat,Female,31,5,77,77,77,77,77,77,7,7,77,7,7,5,77,77,0,77,5,4,6,77,8,10,77,8,5,7,77,5,77,77,10,10,77,5,77,77,7,77,77,77,7,77,77,77,5,4,5
495,28,"White, non-Hispanic",45-59,BA or above,Independent,Female,53,8,1,6,77,77,77,77,77,9,4,77,77,6,6,77,1,1,1,1,77,3,2,5,77,1,1,0,0,3,5,5,5,10,6,9,5,5,10,77,5,5,5,3,77,8,9,77,5
496,16,"White, non-Hispanic",45-59,HS graduate or equivalent,Republican,Female,59,0,77,10,0,0,0,10,10,77,77,77,77,5,5,5,0,10,5,77,77,77,77,10,77,0,5,77,0,10,10,0,0,10,10,5,0,10,10,77,10,10,77,77,77,77,5,10,0
497,19,"White, non-Hispanic",45-59,BA or above,Independent,Male,56,8,5,10,5,5,5,10,9,2,9,0,0,5,0,10,10,7,0,0,0,10,5,5,10,0,0,5,0,10,5,5,3,8,0,8,5,9,10,0,5,8,9,10,1,0,7,9,8
498,40,"White, non-Hispanic",18-29,Some college,Democrat,Male,29,2,2,2,77,2,3,1,8,10,1,10,10,10,10,0,0,0,9,8,10,0,10,10,0,10,10,77,7,0,77,8,8,10,9,77,77,77,77,8,1,10,8,2,10,10,10,0,8
499,22,"White, non-Hispanic",30-44,BA or above,Democrat,Male,41,1,2,9,6,6,6,10,7,10,1,8,9,8,10,6,0,0,5,10,10,10,10,10,0,8,7,7,0,0,0,8,9,10,10,10,10,10,9,7,3,10,10,8,10,9,7,0,3
500,14,"Black, non-Hispanic",30-44,BA or above,Democrat,Male,34,6,4,10,10,10,10,10,10,10,5,10,10,10,10,0,0,0,7,8,6,3,10,6,0,10,10,10,10,0,0,10,10,10,5,77,77,10,10,10,0,5,10,7,10,10,10,4,5
501,37,"Black, non-Hispanic",45-59,BA or above,Democrat,Female,47,4,3,5,5,5,5,5,7,5,5,9,10,5,5,5,5,5,5,0,5,10,8,10,10,10,10,10,0,0,0,8,8,10,3,5,8,10,10,5,0,10,10,10,10,10,7,8,10
502,24,"White, non-Hispanic",45-59,BA or above,Republican,Male,50,5,7,10,6,7,7,10,10,4,4,0,0,0,0,10,10,7,3,3,3,7,8,8,8,4,3,6,0,10,10,8,6,10,7,10,3,8,6,0,8,10,7,8,0,2,8,10,8
503,35,"White, non-Hispanic",45-59,Some college,Independent,Female,51,5,10,5,0,0,0,10,0,0,10,0,0,0,0,10,5,5,0,0,0,5,5,5,5,0,0,0,0,10,0,0,0,10,5,5,0,5,9,0,10,5,5,10,0,5,5,10,5
504,28,"White, non-Hispanic",45-59,BA or above,Democrat,Female,54,7,5,6,7,7,6,5,6,9,4,8,8,9,10,7,3,4,6,7,8,3,8,7,6,6,4,5,5,3,5,6,5,9,8,5,6,8,7,7,3,6,6,5,6,8,9,4,8
505,31,"White, non-Hispanic",60+,BA or above,Democrat,Female,62,6,3,7,8,8,8,77,5,8,2,10,8,8,7,77,3,5,6,8,9,77,9,9,5,8,8,8,5,0,3,8,8,10,8,8,5,7,7,10,5,7,8,6,7,8,8,8,10
506,12,Hispanic,45-59,Some college,Democrat,Male,45,5,7,7,9,10,8,7,7,7,7,4,5,5,5,5,5,5,5,5,4,4,7,6,5,8,7,6,7,5,5,5,5,5,8,8,8,8,4,7,7,8,6,7,7,6,7,6,7
507,11,"Black, non-Hispanic",30-44,Some college,Democrat,Female,38,2,5,5,5,5,5,5,5,5,5,5,5,5,5,5,5,5,5,5,5,5,5,5,5,5,5,5,5,5,5,5,5,5,5,5,98,5,5,5,5,5,5,5,5,5,5,5,5
508,1,Hispanic,60+,HS graduate or equivalent,Republican,Female,63,3,2,10,5,10,7,8,8,10,5,10,10,10,8,5,5,0,10,5,7,5,8,9,10,5,10,10,5,0,5,10,10,10,10,10,10,10,10,5,5,10,9,10,5,10,10,5,5
509,28,"White, non-Hispanic",30-44,BA or above,Republican,Male,38,7,3,8,7,8,8,8,8,9,5,7,7,6,7,7,5,6,6,1,1,0,1,7,7,7,5,5,1,8,5,6,6,10,5,6,5,8,8,5,5,7,6,3,5,3,8,5,10
510,23,"White, non-Hispanic",60+,BA or above,Republican,Male,71,6,7,8,3,8,8,8,8,5,10,2,2,2,5,7,7,7,1,2,8,2,8,6,5,5,2,2,0,8,8,2,5,9,77,8,2,5,3,77,8,8,2,5,2,5,7,7,7
511,17,"White, non-Hispanic",60+,BA or above,Democrat,Male,60,0,0,10,10,10,10,5,10,10,0,10,10,10,10,0,0,0,10,2,10,0,10,10,0,10,10,5,5,0,0,10,10,10,10,10,10,10,10,10,0,10,10,0,10,10,10,0,10
512,38,"White, non-Hispanic",30-44,BA or above,Independent,Male,32,3,9,7,5,8,0,10,7,2,10,3,0,4,0,4,2,2,0,5,1,0,8,5,2,1,0,0,0,2,10,5,3,8,6,8,2,7,7,0,9,7,6,5,0,3,6,4,5
513,33,"White, non-Hispanic",60+,Some college,Republican,Female,71,2,5,10,2,5,5,5,5,2,9,0,0,0,0,8,7,8,0,5,5,5,5,7,7,0,0,0,0,8,5,2,5,3,2,2,2,5,8,77,77,77,5,0,77,2,9,8,2
514,30,"White, non-Hispanic",60+,BA or above,Independent,Male,66,8,8,9,2,5,5,8,8,2,5,2,1,7,0,8,8,6,0,0,4,6,6,7,5,7,8,8,2,3,5,4,5,7,4,7,2,8,9,6,5,7,9,8,2,1,8,10,3
515,1,"White, non-Hispanic",60+,Some college,Democrat,Female,72,4,0,10,10,10,10,5,10,10,0,10,8,10,10,5,0,2,8,5,10,0,10,10,0,10,10,5,0,0,0,10,10,10,8,8,10,8,10,8,0,8,10,5,10,10,8,5,10
516,25,"White, non-Hispanic",45-59,BA or above,Republican,Female,51,8,7,5,2,5,5,8,8,8,8,3,3,2,2,7,5,5,0,10,5,10,5,2,5,2,2,2,0,10,0,3,2,8,5,77,2,2,8,5,6,77,5,77,77,0,5,6,5
517,34,"White, non-Hispanic",60+,Some college,Independent,Female,66,10,7,5,5,7,8,6,77,6,77,6,7,6,7,6,3,5,5,5,6,8,6,4,77,5,77,6,2,6,7,5,6,8,8,7,6,5,6,7,6,7,7,6,77,77,5,7,5
518,32,"White, non-Hispanic",45-59,HS graduate or equivalent,Republican,Female,58,5,5,7,2,5,10,10,10,5,3,0,0,0,0,5,3,3,0,2,0,1,1,1,5,0,0,0,0,10,7,2,2,7,5,5,77,77,5,0,8,7,10,8,0,1,6,8,5
519,16,"White, non-Hispanic",30-44,Some college,Independent,Female,31,3,4,10,10,8,10,9,7,10,0,77,5,5,6,0,0,0,5,5,10,77,10,10,5,7,10,10,10,9,5,10,10,10,10,10,10,7,5,5,6,5,5,6,5,6,6,3,10
520,13,"White, non-Hispanic",60+,Some college,Independent,Female,63,8,3,10,10,10,10,10,10,10,5,10,9,9,9,3,0,0,7,2,4,2,8,9,5,10,8,9,0,2,1,5,10,10,10,10,7,5,6,77,7,8,8,5,5,9,9,5,6
521,13,"White, non-Hispanic",45-59,BA or above,Democrat,Male,47,5,4,10,4,7,6,10,10,10,6,10,6,8,8,3,0,0,7,5,10,5,10,6,2,3,10,10,0,0,0,7,5,10,10,10,5,8,2,7,4,7,8,7,9,5,10,2,10
522,6,"White, non-Hispanic",45-59,BA or above,Democrat,Female,45,6,4,10,10,6,10,7,10,10,4,10,10,10,10,2,0,0,6,4,9,3,10,10,3,10,10,5,4,0,2,8,8,10,10,10,10,10,10,7,3,10,5,0,5,10,10,3,10
